key,paper,year,venue_raw,venue_tier,mechanism_raw,mechanism,conditioner,cond_class,site_raw,site,rl_raw,is_rl,benchmark,result,claim_raw,claim,sources,n_sources
doya_2002_metalearning,Doya — metalearning and neuromodulation,2002,Neural Networks 15:495–506 (Special Issue on Computational Models of Neuromodulation),other-peer-reviewed,other — hyperparameter modulation,other,"neuromodulator levels, as a theoretical construct; nothing is learned",other,"the RL algorithm's own meta-parameters, not the network: dopamine = TD error δ, serotonin = discount γ, noradrenaline = inverse temperature β, acetylcholine = learning rate α",other,tabular actor-critic (conceptual),RL,none,"The four-modulator mapping, plus predicted facilitatory / inhibitory cross-effects derived from the algebra of the RL update. Every later ""neuromodulator as a tunable scalar"" paper in the corpus descends from this",asserted (theory + review of animal data; no new experiment),asserted,digest_film.md; digest_hypernet.md,2
schaul_2015_uvfa,Schaul et al. — UVFA; Borsa et al. — USFA,2015,ICML 2015 / ICLR 2019,top-tier,"other (late concatenation, not multiplicative)",concatenation,a goal g or a policy descriptor z,task / goal identity,"after the recurrent core — deliberately late, so one unroll serves 30 sampled policies",other,value-based,RL,"Atari, gridworlds","goal-conditioned value functions; the late-placement choice is reasoned (compute amortisation), not swept",asserted,asserted,digest_film.md,1
andreas_2016_neural,Andreas et al. — Neural Module Networks,2016,CVPR 2016,top-tier,routing (discrete composition),routing,a parsed symbolic layout of the question,language instruction,a per-question assembled tree of typed modules,other,not RL,not RL,"VQA, SHAPES",compositional generalisation to question structures longer than those seen in training,asserted,asserted,digest_film.md,1
ha_2016_hypernetwork,"Ha, Dai & Le — HyperNetworks",2016,arXiv (later ICLR 2017) — cite as preprint at the year given,preprint,"hypernet — static (learned per-layer embedding) and dynamic (row-scaling, which the review shows is FiLM)",hypernetwork,static: learned per-layer embedding z^j; dynamic: a companion HyperRNN cell reading [h{t-1}; xt] each step,task / goal identity,"whole weight tensors; the HyperRNN variant scales rows of the recurrent matrix — structurally FiLM at per-row granularity, two years before FiLM was named",generated weights,not RL,not RL,MNIST; CIFAR-10 WRN-40-2; Penn Treebank char-LM; enwik8; IAM handwriting; WMT En→Fr (GNMT),"HyperResNet-40-2: 7.23 % test error at 0.148 M params vs 5.66 % at 2.236 M (15× fewer params, +1.5 % error). LayerNorm-HyperLSTM 1.250 bits/char on PTB. GNMT BLEU 40.03 vs 38.95 baseline",asserted for the modulation framing; benchmarked as a method,asserted,digest_film.md; digest_hypernet.md,2
asadilittman_2017_mellowmax,Asadi & Littman — mellowmax,2017,ICML 2017,top-tier,other (closed-form scalar),other,the current Q-values at that state,own activity / statistic,"the inverse temperature β(s), solved by root-finding",other,value-based,RL,"gridworlds, control",a state-dependent softmax operator with a non-expansion guarantee,ablated,ablated,digest_film.md,1
devries_2017_conditional,De Vries et al. — Conditional Batch Norm / MODERN (no PDF; archive/…review.md §2),2017,NeurIPS 2017 (arXiv 1707.00683),preprint,FiLM precursor,FiLM,a language LSTM's sentence embedding,language instruction,"every batch-norm layer of a frozen ResNet-50, as a residual offset on the existing affine",trunk / all blocks,not RL,not RL,"VQAv1, GuessWhat?! Oracle",modulating a frozen vision backbone by language beats late fusion; argued on neuroscience grounds (top-down signals reach early visual cortex),"ablated — stage-wise depth sweep (stage 4 only → 3+4 → 2+3+4 → all), monotone gain, largest marginal jump from adding an early stage",ablated,digest_film.md,1
dumoulin_2017_conditional,Dumoulin et al. — Conditional Instance Normalization,2017,ICLR 2017,top-tier,FiLM precursor,FiLM,a discrete style index into an N×C lookup table,task / goal identity,every instance-norm layer of the transfer network,trunk / all blocks,not RL,not RL,32-style artistic style transfer,one network hosts 32 painting styles with 0.2 % style-specific parameters; the style embedding space interpolates,asserted (parameter accounting + qualitative interpolation; no operator comparison),asserted,digest_film.md,1
hu_2017_end,Hu et al. — End-to-End Module Networks,2017,ICCV 2017,top-tier,routing,routing,a learned layout policy over the question (REINFORCE + behavioural cloning),language instruction,assembled module tree,other,"borderline — the layout policy is trained by REINFORCE, so the controller is RL; the task is VQA, not control",RL,"CLEVR, VQA, SHAPES",83.7 % on CLEVR with a learned rather than parsed layout,asserted,asserted,digest_film.md,1
huangbelongie_2017_adain,Huang & Belongie — AdaIN,2017,ICCV 2017,top-tier,FiLM precursor,FiLM,"per-channel mean and standard deviation of a style image's VGG features — a closed form, no learned generator",other,"1 site, a bottleneck between frozen encoder and decoder",encoder,not RL,not RL,arbitrary style transfer,arbitrary unseen styles at test time with zero learnable modulation parameters; ~3 orders of magnitude faster than optimisation-based transfer,ablated — adding normalisation downstream of the injection destroys the injected statistics and hurts badly,ablated,digest_film.md,1
kendallgal_2017_what,Kendall & Gal — What Uncertainties Do We Need?,2017,NeurIPS 2017,top-tier,other (heteroscedastic loss),other,n/a,n/a,n/a,n/a,not RL,not RL,"depth regression, semantic segmentation",the project's anchor precision-weighted loss; combines learned per-input noise with MC-dropout epistemic uncertainty,ablated (aleatoric vs epistemic vs both),ablated,digest_film.md,1
krueger_2017_bayesian,Krueger et al. — Bayesian Hypernetworks,2017,arXiv (later workshop / journal) — preprint,workshop,hypernet,hypernetwork,a noise variable pushed through a normalizing flow,index / noise (not a task signal),generated primary-network weights,other,not RL,not RL,"classification, anomaly detection",exact log-density on an implicit weight posterior via change of variables,asserted,asserted,digest_film.md,1
shazeer_2017_sparsely,Shazeer et al. — Sparsely-Gated Mixture-of-Experts,2017,ICLR 2017,top-tier,routing,routing,"the token representation itself, through a noisy top-k gate",observation (raw),replaces a feed-forward block,trunk / all blocks,not RL,not RL,"language modelling, machine translation",1000× capacity increase at near-constant per-example compute; importance + load auxiliary losses balance expert use,ablated (gating and balancing losses are ablated),ablated,digest_film.md,1
vaswani_2017_attention,Vaswani et al. — Attention Is All You Need,2017,NeurIPS 2017,top-tier,attention,attention,a source token sequence,language instruction,"modulates positions by softmax-weighted aggregation, not channels by affine gain",other,not RL,not RL,WMT-14 EN-DE / EN-FR,the alternative conditioning primitive FiLM is most often compared against,"ablated (head count, key dimension, dropout)",ablated,digest_film.md,1
chaplot_2018_gated,Chaplot et al. — Gated-Attention architectures for task-oriented language grounding (a review landed mid-run at 15:43; see the mid-run note),2018,"AAAI copyright block 2018 (""Copyright © 2018, Association for the Advancement of Artificial Intelligence""); PDF is arXiv:1706.07230v2 [cs.LG] 9 Jan 2018, no proceedings header printed",top-tier,"Gain-only sigmoid-bounded FiLM: per-channel Hadamard gate MGA = M(σ(W xL + b)) ⊙ xI, no additive shift, γ ∈ (0,1)",FiLM,"Natural-language instruction for the episode (""Go to the short green torch""), encoded by a GRU (256-d) → 64-d attention vector; episode-constant, exogenous, NOT the current observation",language instruction,"One site: output feature maps of the shared visual CNN (64 channels), before the LSTM and before the actor/critic heads; shared trunk so actor and critic are gated identically",actor + critic,"A3C (on-policy actor-critic, entropy reg. + GAE); also Behavioral Cloning and DAgger arms",RL,"Custom ViZDoom 3-D language-grounding env (70 instructions, 55 train / 15 held-out, 5 objects/episode, Easy/Medium/Hard modes; multitask MT and zero-shot ZSL)","Gating beats concatenation in all 12 matched cells; A3C hard mode 0.83 MT / 0.73 ZSL (GA) vs 0.24 / 0.12 (Concat, ≈ chance 0.20), with fewer params (3.39 M vs 3.44 M); GA also learns faster (Fig. 6). No instability reported — sigmoid bounds the gain by construction",ablated — the fusion operator is the paper's central controlled variable; identical CNN/GRU/policy across arms by explicit statement,ablated,digest_film.md; rows_film_new.md,2
dabney_2018_iqn,Dabney et al. — IQN,2018,ICML 2018,top-tier,FiLM with the offset set to zero (Hadamard fusion),FiLM,"a sampled quantile level τ, i.e. a risk knob, through a 64-term cosine basis",algorithmic knob,"1 site, after the conv encoder and before the value head — deliberately late",critic only,"DQN family (off-policy, value-based, distributional)",RL,Atari-57,halves the gap from QR-DQN to Rainbow; the corpus's strongest case that modulating a value network works at scale,"ablated — Hadamard vs concatenation vs residual (1+φ(τ)) over six Atari games; ""robust and slightly best""",ablated,digest_film.md,1
perez_2018_film,Perez et al. — FiLM,2018,AAAI-18,top-tier,FiLM,FiLM,question embedding from a 4096-unit GRU,language instruction,"4 sites, one per FiLM-ed residual block, after batch-norm-without-affine",trunk / all blocks,not RL,not RL,"CLEVR, CLEVR-Humans, CLEVR-CoGenT",97.7 % on CLEVR; halves prior state-of-the-art error (4.5 % → 2.3 %) with no program supervision,"ablated — gain-only, offset-only, gain frozen at its training mean (−65.4 points), offset frozen (−1.0), FiLM removed entirely (→ 21.4 %), within-block placement sweep, batch-norm removal",ablated,digest_film.md,1
santurkar_2018_how,Santurkar et al. — How Does BatchNorm Help Optimization?,2018,NeurIPS 2018,top-tier,other (analysis of the normalisation substrate),other,n/a,n/a,n/a,n/a,not RL,not RL,"VGG / ResNet on CIFAR-10, ImageNet","batch-norm's benefit is loss-landscape smoothing, not internal-covariate-shift reduction — the standard citation for why FiLM-on-normalisation trains well",ablated (the paper's core method is controlled intervention: noise injection after normalisation),ablated,digest_film.md,1
xu_2018_meta,"Xu, van Hasselt & Silver — meta-gradient RL",2018,NeurIPS 2018,top-tier,other (meta-gradient),other,a meta-gradient on a separate policy-gradient objective,algorithmic knob,the discount γ and trace parameter λ — i.e. the definition of the return,other,on-policy (IMPALA-style),RL,Atari-57,learning the return definition online beats fixing it,ablated,ablated,digest_film.md,1
birnbaum_2019_temporal,Birnbaum et al. — Temporal FiLM (TFiLM),2019,NeurIPS 2019,top-tier,FiLM,FiLM,"the layer's own block-pooled activations, read by a per-site LSTM — i.e. genuinely self-conditioning",own activity / statistic,"after each conv layer of a symmetric encoder–decoder, per-channel and grouped into contiguous time blocks",encoder,not RL,not RL,"audio super-resolution, text classification, ChIP-seq",FiLM applied along the time axis captures long-range sequence dependence at <1 % parameter overhead,"asserted, with a block-length hyperparameter sweep",asserted,digest_film.md,1
chevalierboisvert_2019_babyai,"Chevalier-Boisvert et al., BabyAI: A Platform to Study the Sample Efficiency of Grounded Language Learning",2019,"""Published as a conference paper at ICLR 2019"" (running header on every page); PDF is arXiv:1810.08272v4 [cs.AI] 19 Dec 2019",top-tier,"Full affine FiLM (per-channel γ scale + β shift), two batch-normalized FiLM layers; paper states gated attention = ""FiLM without biases and only at the output layer""",attention,"Baby Language mission instruction (variable-length string, 2.48×10¹⁹ possible), encoded by a GRU (Large: bidirectional 256 + attention; Small: unidirectional); episode-constant, exogenous — NOT the observation",language instruction,"Two sites inside the conv encoder of the 7×7×3 egocentric observation, upstream of the LSTM memory; shared trunk feeds both actor and critic",actor + critic,"PPO (4 epochs, 64 rollouts × 40 steps, γ = 0.99, GAE λ = 0.99, sparse terminal reward 1 − 0.9 n/nmax); also behavioral cloning + interactive IL arms",RL,"BabyAI / MiniGrid, 19 levels (GoToObj → BossLevel), success rate on 512 validation episodes","Architecture works and is stable, but the paper's finding is about data: 99 %-success needs 8.4–12.4 k demos (easiest level) to 2.2–2.7 M PPO episodes (PutNextLocal); RL is 2–10× hungrier than IL; BossLevel only 77 % with 1 M demos; curriculum pretraining on GoToObjMaze hurts (444–602 k vs 341–409 k). No modulation instability reported",no-experiment on the modulation — zero architecture ablations anywhere; every experiment varies data with the model fixed. FiLM is named in exactly two sentences (§4.1),no-experiment,digest_film.md; rows_film_new.md,2
kolouri_2019_attention,"Kolouri, Ketz, Zou, Krichmar & Pilly — Attention-Based Selective Plasticity",2019,arXiv:1903.06070 (preprint),preprint,other — plasticity gating: a per-synapse importance γk inside a quadratic anchor,plasticity,"a top-down, class-conditional attention map from contrastive Excitation Backpropagation, combined with Oja's rule",other,"the loss function, not the forward pass: LB(θ) + λ Σk γk (θk − θ{A,k})²",other,not RL,not RL,Permuted MNIST (5 sequential tasks); Split MNIST,"On par with Elastic Weight Consolidation and Synaptic Intelligence — matched, not beaten. The novelty is that importance is estimated online from attention rather than offline from Fisher information",ablated (parity result),ablated,digest_hypernet.md,1
miconi_2019_backpropamin,"Miconi, Rawal, Clune & Stanley — Backpropamine",2019,"""Published as a conference paper at ICLR 2019"" (page-1 header, verified; the held copy is the arXiv print, arXiv:2002.10585v1 [cs.NE], 24 Feb 2020)",top-tier,plasticity-modulation — a differentiable three-factor Hebbian rule. Not activation gating: activations are untouched,plasticity,"a scalar $M(t)$ computed by the network itself from its own recurrent hidden state, $\tanh$-squashed to $[-1,1]$. In the RL tasks it is an output unit sitting alongside the policy logits and the A2C value head; the hidden state receives previous reward and previous action as inputs, so $M$ can learn to track reward but is never defined as reward",own activity / statistic,"the Hebbian trace update of the recurrent weight matrix, i.e. weight-space state, not any activation. RL tasks: one global scalar over all plastic recurrent connections; only the recurrent layer is plastic (input and output weights are ordinary). Basic LM: one modulator neuron per LSTM layer with fan-out to every plastic connection. Large LM: one modulator per LSTM expanded through a per-neuron weight vector to give $\etai$",trunk / all blocks,"A2C (advantage actor-critic, meta-training after Wang et al. 2016 L2RL) for tasks 1–2. Task 3 is not RL — supervised language modelling",RL,"no standard RL benchmark. Two small custom tasks: (1) cue-reward association, 200-step episodes, four random 20-bit cues, 200 recurrent neurons; (2) 9×9 grid-maze foraging with an invisible randomised reward location, 100 recurrent neurons. (3) Penn TreeBank word-level LM, 4.8 M and 24.2 M parameter models","Cue-reward: both modulated variants learn the task; non-modulated plastic and non-plastic recurrent nets fail outright (10 runs). Maze: modulated beats non-modulated plasticity, Wilcoxon rank-sum $p<0.05$ at marked points (9 runs). PTB, parameter-matched, 16 runs: baseline LSTM $104.26\pm0.22$ → differentiable plasticity $103.80\pm0.25$ ($p{=}0.0044$) → simple neuromodulation $102.65\pm0.30$ ($p{=}10^{-6}$ vs plasticity) → retroactive $102.48\pm0.28$ ($p{=}10^{-7}$ vs baseline). Large model $62.48 \to 61.44$ (5 runs). Retroactive vs simple is NOT significant ($p{=}0.066$) — the authors say so","ablated — full 4-way ladder (non-plastic / plastic / simple-modulated / retroactive-modulated) on both RL tasks and on LM, with matched trainable-parameter counts (hidden size cut 1150→1149) and per-condition equally-powered grid search. The strongest single result is the Appendix A.5 control: with easy fixed 4-bit cues, non-modulated plasticity does solve the task — isolating ""arbitrary high-dimensional cues that must be memorised jointly with the association"" as the operative factor. Asserted, not shown: catastrophic-forgetting mitigation (motivating claim, imported from the evolutionary literature — there is no continual-learning experiment in this paper); ""self-contained RL algorithm in the weights""; meta-meta-learning; multiple modulatory signals. Modulator-granularity variants (per-node, per-network) are said to perform worse with no numbers reported. Mechanism of the learned $M(t)$ dynamics explicitly declared not understood (App. A.4)",ablated,rows_neuromod_new.md,1
badia_2020_agent,Badia et al. — Agent57: Outperforming the Atari Human Benchmark,2020,"No venue line printed in the PDF — ICML-template preprint, arXiv:2003.13350v1, 30 Mar 2020 (no proceedings/copyright footer)",top-tier,"one-hot concatenation + scalar output gain — (i) j concatenated as a network input; (ii) Q(x,a,j;θ) = Q(x,a,j;θ^e) + βj·Q(x,a,j;θ^i), i.e. βj is also a literal scalar multiplier on the intrinsic value stream. Not FiLM (one scalar on a whole stream, fixed by the index, not produced by a modulator)",concatenation,"one-hot j over N=32 indices, each naming a (βj, γj) pair (Agent57's own wording: ""j is a one-hot vector indexing one of N implied MDPs (in particular (βj,γj))""). γ range widened to [0.99, 0.9999] vs NGU's [0.99, 0.997]. New: j is chosen online per episode by a per-actor sliding-window UCB bandit whose reward is the undiscounted extrinsic episode return",task / goal identity,"one-hot: one site, at the recurrent core input, in each of the two networks (App. E inputs verbatim (xs, r^e{s−1}, r^i{s−1}, j, a{s−1}, h{s−1})). Scalar βj: one site, at the output. Two identical-architecture value networks θ^e/θ^i with separate Retrace losses but a shared greedy target policy; intrinsic-reward modules unconditioned",generated weights,"NGU / R2D2 distributed recurrent DQN, transformed Retrace, 256 actors, trace length 160",RL,"Atari-57 (6 seeds for Agent57, 3 for ablations); 10-game ""challenging set""; 15×15 ""random coin"" gridworld diagnostic","First agent above human on all 57 games: capped HNS 100.00, 57/57 games vs NGU 95.07/51, R2D2 94.33/52, MuZero 89.92/51. 5th-percentile HNS 116.67 vs MuZero's 0.03. Skiing took 78 B frames. Agent57 is beaten on uncapped mean and median by MuZero and by R2D2(bandit) — the contribution is the tail. Isolated conditioning result: R2D2(bandit) (discount-index conditioning + bandit, no intrinsic reward) reaches 96.93 CHNS / 54 games vs R2D2(Retrace)'s 94.20 / 52","ablated — each of the three changes separately (separate networks: >20 % CHNS drop when removed; meta-controller: ~20 % CHNS gain on R2D2; BPTT 80 vs 160), plus identity-vs-h-transform mix (no difference) and a purpose-built gridworld diagnostic. The injection operator is never varied (inherited from NGU, asserted). Instability motivating the work, verbatim: NGU ""can be unstable and fail to learn ... even in simple environments"" when r^e and r^i differ in scale/sparseness/noise; Surround −7.57 → 9.77 with separate networks",ablated,rows_modrl_classics.md,1
badia_2020_never,Badia et al. — Never Give Up: Learning Directed Exploration Strategies (NGU),2020,"""Published as a conference paper at ICLR 2020"" (page header)",top-tier,"concatenation of a one-hot — UVFA Q(x,a,βi); verbatim: ""we concatenate to the output of the network a one-hot vector encoding the value of βi, the previous action, the previous intrinsic reward and the previous extrinsic reward"". Not an embedding, not separate heads, not affine",concatenation,"assigned hyperparameter index i ∈ {0..N−1}, N=32, naming an intrinsic-reward weight βi (sigmoid-spaced, β0=0, β31=0.3) paired with a discount γi (log-spaced in 1−γ, 0.997 → 0.99). Only β's one-hot enters the network; γi enters the Retrace target, not the forward pass",task / goal identity,"one site, whole-vector: the one-hot joins the recurrent core's input alongside prev-action / prev-reward (placement inferred from the companion inputs; App. H.3 is a figure only). Network = R2D2 dueling: conv torso → FC 512 → LSTM 512 → dueling head. Intrinsic-reward modules are not conditioned",encoder,"R2D2 (distributed recurrent DQN) with transformed Retrace double Q-learning, 256 actors, 35 B frames, 3 seeds",RL,Atari-57; 6 hard-exploration games; 5 dense games; Random Disco Maze (pycolab),"Median human-normalised 1344.0 % (abstract) / 1354.4 % (§4.2) vs R2D2 1920.6 %; above human on 51/57; first non-demonstration positive score on Pitfall! (NGU(N=1)−RND best 15.2k). Conditioning result: on Pong, unconditioned NGU(N=1) scores −9.4 ± 2.6 while conditioned NGU(N=32) scores 19.6 ± 0.1","ablated — N ∈ {1,2,8,16,32}, Cross-Mixture-Ratio (weight- vs data-sharing), β ∈ {0.2,0.3,0.5}, RND on/off, r^e on/off, learned vs random embedding. The injection operator itself is never varied (asserted). Reported cost: shared-representation interference drops Breakout 837.7→532.8 and BeamRider 188.2k→68.7k vs R2D2",ablated,rows_modrl_classics.md,1
beaulieu_2020_anml,"Beaulieu, Frati, Miconi, Lehman, Stanley, Clune & Cheney — ANML: Learning to Continually Learn",2020,"""Published as a conference paper at ECAI 2020"" (page-1 header, verified; 24th European Conference on AI. The held copy is the arXiv print, arXiv:2002.09571v2 [cs.LG], 4 Mar 2020)",preprint,"gating — activation gating by a dedicated side network. Operator is FiLM's multiplicative term with no additive term: $\tilde h = \sigma(g{\theta^{NM}}(x)) \odot h$, gain sigmoid-bounded to $[0,1]$ so it can only suppress — never amplify, never sign-flip (stated verbatim in §3.1). ""Selective plasticity"" is an indirect consequence: $\partial L/\partial W{cj} \propto \gammaj$, so a gated-off unit's incoming weights stop updating. Nothing touches the learning rule",plasticity,"the input image itself — the NM network (3 conv + batchnorm + 1 FC) reads the same image as the prediction network. No task label, no task oracle; removing the oracle is a stated contribution over Masse et al. 2018, which used random, binary, task-label-conditioned masks. Gate is continuous, not binary. NM weights are meta-learned in the outer loop and frozen in the inner loop and at meta-test time — a two-timescale arrangement FiLM does not have",physical parameters,"exactly one site: the flattened latent representation feeding the prediction network's final fully connected layer. The authors call single-layer gating ""a simplifying assumption made in this initial exploration""; a per-synapse variant was built during development, called ""competitive"", and dropped for compute reasons with no numbers reported",trunk / all blocks,"not RL. Entirely supervised continual image classification under a MAML-style meta-learner (inner loop plain SGD, outer loop Adam, backprop through 20 inner steps, 20,000 outer iterations). RL appears once in the whole paper, in future work: ""One example is extending the work to reinforcement learning (RL) tasks""",not RL,"Omniglot, 1,623 character classes (963 meta-train / 660 held out). Sequential trajectories of 10–600 classes, 15 instances per class, each image seen once, up to 9,000 SGD updates. ~6 M parameters, matched across all treatments","At 600 sequential classes, held-out accuracy ANML 63.8 % vs OML 18.2 % (prior SOTA, same protocol) and OML-OLFT 44.2 %. The load-bearing number is the relative drop from an i.i.d.-trained oracle of the same method — ANML 10 %, OML-OLFT 27.2 %, OML 70.32 %, pretrain-and-transfer 99 %, from-scratch 99 % — which isolates forgetting from raw capacity. Sequentially trained ANML beats the i.i.d. oracles of every other method ($p \le 1.93\times10^{-23}$). Gating drops active units 52.77 % → 5.9 % while OML sits at 3.89 %, i.e. ANML forgets less with a less sparse representation; 0 % dead neurons for both. KNN on the gate's own output classifies unseen characters at 70.9 % vs 24.3 % for a random-weight NM network of identical architecture","ablated, thoroughly, with one important gap. 10 meta-trained models × 10 meta-test trajectories per treatment, Mann-Whitney U throughout, per-sequence-length LR search, parameter count matched, i.i.d. oracle for every arm, multi-epoch check (Fig. S7), freezing/unfreezing ablation (Fig. S8), and a proper random-weight null for the KNN probe. The gap: there is no continual-learning arm in which the NM network is replaced by a static, random, or task-conditioned mask — the random-weight NM appears only in the KNN probe. So ""ANML beats OML"" and ""the gate's output is informative"" are established; ""the gain comes from the gate being meta-learned and input-conditioned rather than merely present"" is not directly isolated. Second confound: ANML has batchnorm and the controls do not (batchnorm was found to hurt OML, so it was removed), so ANML differs from its baseline in two ways. Also asserted, not shown: that gating ""can easily be extended to any and all layers""; the $[0,1]$ suppress-only range is never compared against a $\tanh$ alternative; and the authors state outright that why ANML also wins in the i.i.d. multi-epoch setting — where there is no forgetting to prevent — is an open question, which means the paper's own causal story does not explain its strongest result",ablated,rows_neuromod_new.md,1
fergusoncardin_2020_mechanisms,Ferguson & Cardin — Mechanisms underlying gain modulation in the cortex,2020,"Nature Reviews Neuroscience 21, 80–92",other-peer-reviewed,other — biology review; establishes the divisive (gain) vs additive (offset) distinction,FiLM,"attention, arousal, locomotion, learning, and the four classical neuromodulators",other,"the slope of a cortical neuron's input–output curve; PV⁺, SST⁺ and VIP⁺ interneurons as circuit-level mediators",other,not RL,not RL,none (review),"Gain is dQ/dI. Multiplicative modulation rescales the slope without changing selectivity; additive modulation shifts the curve and does alter selectivity (and can look subtractive through threshold nonlinearity — the ""iceberg effect""). This is the substrate every DNN neuromodulation paper appeals to",no-experiment,no-experiment,digest_hypernet.md,1
galantiwolf_2020_modularity,Galanti & Wolf — On the Modularity of Hypernetworks,2020,NeurIPS 2020,top-tier,"hypernet (approximation theory, not an architecture)",hypernetwork,abstract task index I,task / goal identity,all weights of the primary network g,generated weights,not RL,not RL,"synthetic y(x,I)=⟨x,h(I)⟩; self-supervised rotation prediction on MNIST and CIFAR-10",Thm 4: hypernet primary needs O(ε^{-m₁/r}) parameters; Thms 2–3: embedding/concatenation primary is stuck at Ω(ε^{-(m₁+m₂)}). Empirically hypernet error keeps falling with conditioning-net depth while the embedding method plateaus,ablated (small-scale) on top of proved theorems,ablated,digest_film.md; digest_hypernet.md,2
hafner_2020_dreamer,Hafner et al. — Dreamer family (2020–2025),2020,ICLR / Nature / preprint (varies by member),preprint,other (concatenation; token insertion in Dreamer 4),concatenation,—,other,—,other,model-based,RL,"Atari 100k, DMC, Crafter, Minecraft",no feature-wise modulation anywhere in the lineage — the survey's full-text pass returns no FiLM and no adaptive normalisation,"no-experiment (a negative finding about the lineage, not a claim by it)",no-experiment,digest_film.md,1
lin_2020_cat,Lin et al. — CAT-SAC,2020,AAAI 2020,top-tier,FiLM at the scalar (global) granularity,FiLM,an RND curiosity score per state,own activity / statistic,"the entropy temperature α(s), which enters both the actor loss and the TD target",actor only,SAC,RL,MuJoCo,"the closest published precedent for ""an exploration temperature conditioned on a modulator signal"", with a contraction argument for state-dependent α; adds a zero-mean shift so the baseline is preserved in expectation",ablated vs SAC-v2,ablated,digest_film.md,1
sherstan_2020_nets,Sherstan et al. — Γ-nets,2020,AAAI 2020,top-tier,FiLM (one of four fusion operators tested),FiLM,the discount factor γ / horizon τ,algorithmic knob,"1 site, at the value head's input — late",critic only,value prediction (general value functions),RL,"Atari, prediction tasks","four fusion operators swept; no clear winner, and the paper recommends plain concatenation — the corpus's one head-to-head that does not favour FiLM",ablated (negative / neutral),ablated,digest_film.md,1
vecoven_2020_neuromodulat,"Vecoven, Ernst, Wehenkel & Drion — Introducing neuromodulation in deep neural networks",2020,PLOS ONE 15(1):e0227922,other-peer-reviewed,FiLM-class — a shared vector z sets a per-neuron slope and bias on the activation: σ(zᵀ(x ws + wb)),FiLM,"context ct = the episode history minus the current observation, through a recurrent modulator net",inferred belief / latent,"every hidden neuron of actor and critic, with a separate independent modulator for each",actor + critic,"A2C with generalised advantage estimation and PPO-style clipping, in a meta-RL loop",RL,three custom continuous-control meta-RL navigation benchmarks,"Benchmark 1: 4534 expected return vs Bayes-optimal 4679 — a 3 % gap — after 20,000 episodes. Faster learning, higher plateau, far lower seed variance than a parameter-matched RNN (matched to within 2 %). Freeze/unfreeze shows z carries task identity","asserted — the survey's own review calls the actor/critic separation ""intuitive but unproven""; main-network depth is swept, modulation scope is not",asserted,digest_film.md; digest_hypernet.md,2
xing_2020_neuromodulat,"Xing, Zou & Krichmar — Neuromodulated Patience for Robot and Self-Driving Vehicle Navigation",2020,IJCNN 2020 (IEEE International Joint Conference on Neural Networks),other-peer-reviewed,other — a single hand-set scalar entering a Bayesian wait-or-quit rule,other,"a scalar ""5-HT level"", set by the experimenter, not learned or inferred",inferred belief / latent,above the network entirely: the waypoint wait/skip decision rule. A separate DQN handles road-following,other,DQN (road-following module only; the modulation itself is not learned),RL,"two real outdoor parks — Encinitas Community Park (6 trials/condition) and Aldrich Park, UC Irvine (5 trials/condition)","High 5-HT: 9.67 waypoints reached, 2 total skips, ~525 s. Low 5-HT: 6.5 reached, 9 skips, ~414 s. A patience knob trades completeness against speed",asserted (small-n field demonstration; the review states it is explicitly not a benchmark contribution),asserted,digest_hypernet.md,1
yang_2020_multi,Yang et al. — Multi-Task RL with Soft Modularization,2020,"""34th Conference on Neural Information Processing Systems (NeurIPS 2020), Vancouver, Canada"" (p. 1 footer)",top-tier,"routing — soft, row-stochastic convex combination over modules (no gain, no offset); the router's own input is formed by a gain-only element-wise product f(s)⊙h(z)",routing,"one-hot task ID and the current observation, multiplied element-wise before entering the router",task / goal identity,"L−1 sites, one between each pair of module layers, in both actor and critic (separate, non-shared routers); per-connection granularity (n×n scalars/layer, 48 total for L=4,n=4)",actor + critic,"SAC (off-policy, continuous control)",RL,"Meta-World MT10 / MT50, Fixed and Goal-Conditioned","MT50-Fixed 60.0 % vs 35.5 % multi-head and 31.4 % concatenation, at 1× params vs a 4.2×-param baseline's 50.3 %; MT10-Fixed 87.0 % vs 85.0 %","ablated — vs concatenation, multi-head, MoE gating, hard routing, capacity sweep; internal component ablation is qualitative only (no numbers printed)",ablated-qualified,rows_modrl_classics.md,1
zintgraf_2020_varibad,Zintgraf et al. — VariBAD: A Very Good Method for Bayes-Adaptive Deep RL via Meta-Learning,2020,"""Published as a conference paper at ICLR 2020"" (page header)",top-tier,"concatenation — the belief's parameters are handed to the policy as ordinary inputs; the PDF never states the combination operator (the word ""concatenate"" appears only for the RL² baseline), so concatenation is the reference implementation's choice",concatenation,"inferred variational posterior over a task latent, qφ(m\",inferred belief / latent,"τ{:t}), represented as a 5-dim mean + 5-dim std produced online by a GRU over the (s,a,r) history; no task label or privileged info at any point",other,"one site — the policy input layer; policy = 2 hidden layers × 128 tanh (MuJoCo) / × 32 tanh (gridworld); encoder is not trained by the RL loss (detached signal, separate optimiser + buffer); decoder is train-time only",RL,"A2C (gridworld), PPO with Huber value loss (MuJoCo)",5×5 gridworld with hidden goal (20 seeds); MuJoCo AntDir / HalfCheetahDir / HalfCheetahVel / Walker-params (5 seeds),"Matches hard-coded Bayes-optimal exploration on the gridworld (exact Bayes-optimal solution in 4/20 seeds vs RL²'s 0/20); on MuJoCo only VariBAD and RL² adapt within a single episode, first rollout within a small margin of a task-oracle policy. No result tables exist — all quantitative results are figures",unclassified,rows_modrl_classics.md,1
zou_2020_neuromodulat,Zou et al. / Xing et al. — neuromodulation under environment change,2020,(as recorded in the neuromodulation corpus),unclassified,routing + gating,routing,acetylcholine as a K-vector over stored goals; noradrenaline as a scalar surprise detector,task / goal identity,"a goal prior, or which frozen policy slot is selected",actor only,RL under non-stationarity,RL,gridworlds,biologically-keyed context switching,asserted,asserted,digest_film.md,1
abdollahzadeh_2021_kernel,Abdollahzadeh et al. — Kernel Modulation (KML),2021,NeurIPS 2021,top-tier,FiLM → per-weight generalisation,FiLM,a task encoder over the support set,task / goal identity,"all 4 conv layers, on the kernels rather than the activations",encoder,not RL,not RL,5-mode multimodal few-shot classification,proves FiLM ≡ uniform scalar rescaling of a conv kernel and argues it is too coarse; KML beats FiLM by ≈5 points on 5-mode few-shot,"ablated (FiLM vs KML head-to-head; rank sweep, rank-1 beats full rank)",ablated,digest_film.md,1
chen_2021_decision,Chen et al. — Decision Transformer,2021,NeurIPS 2021,top-tier,"attention (token conditioning, not feature-wise)",attention,return-to-go,algorithmic knob,attention over tokens,other,offline sequence modelling,RL,"D4RL, Atari",conditioning by token insertion rather than by gain,ablated,ablated,digest_film.md,1
jiang_2021_dynamic,"Jiang, Gklezakos & Rao — Dynamic Predictive Coding with Hypernetworks",2021,bioRxiv 2021.02.22.432194,preprint,"hypernet — mixture over a fixed basis: emits K convex weights over K learned basis matrices, not free weights",routing,level-1: recurrent hypernet on the latent rt; level-2: feedforward hypernet on the higher state r^(2),observation (raw),the transition matrix V{t+1} of a Rao–Ballard predictive-coding generative model,other,not RL,not RL,"5,000 natural-video segments (forest trail, 10×10 patches, 20 frames); Moving-MNIST",Beats a static-Kalman transition on train and test MSE; on input-suppressed rollouts keeps predicting the correct motion direction. Recovers V1-like separable and inseparable space–time receptive fields. Slow–fast cortical timescale hierarchy emerges with no smoothness penalty imposed,ablated (vs. static-transition baseline),ablated,digest_hypernet.md,1
sarafian_2021_hypernetwork,"Sarafian, Keynan & Kraus — Recomposing the RL Building Blocks with Hypernetworks",2021,ICML 2021 (PMLR 139),top-tier,hypernet + FiLM together: x^{l+1} = σ((1 + g^l(z)) ⊙ x^l W^l(z) + b^l(z)) — generated weights and a generated FiLM gain,hypernetwork,"the state s as the ""meta"" variable (SA-Hyper); in meta-RL the task context c",observation (raw),"weights W^l, bias b^l and FiLM gain g^l of a deliberately small 1-hidden-layer × 256 dynamic critic",critic only,"TD3 / SAC, and Hyper-MAML / Hyper-PEARL",RL,"MuJoCo Hopper/Walker2D/Ant/HalfCheetah-v2; meta-RL Half-Cheetah-Fwd-Back, Ant-Fwd-Back, Half-Cheetah-Vel, Ant-Vel, Half-Cheetah-Vel-Medium; 5 seeds","10–70 % final-performance gain over an MLP critic; reaches baseline score in 20–70 % of the steps. Hyper-MAML beats Context-MAML by ~50 % and needs no adaptation step at all. Hyper-PEARL +15 % in-distribution, better out-of-distribution. Parameter-matched controls (MLP-Large 9 M, Res35 4.5 M, Q-D2RL, ResNet-Features) do not close the gap",ablated,ablated,digest_film.md; digest_hypernet.md,2
sodhani_2021_multi,Sodhani et al. — Multi-Task RL with Context-based Representations (CARE),2021,"""Proceedings of the 38th International Conference on Machine Learning, PMLR 139, 2021"" (ICML 2021, p. 1 footer)",top-tier,"attention / mixture-of-encoders + concatenation — softmax over k parallel encoders by dot-product against the context, then the context is also concatenated onto the pooled output; no gain, no offset",concatenation,"natural-language task description (""metadata""), embedded by a frozen RoBERTa (768-d) then a 2-layer MLP to a 50-d zcontext",language instruction,"one site, at the encoder output; per-encoder granularity (k scalars; k=6 MT10, k=10 MT50); representation shared by actor and critic (3×400 MLPs), no per-layer conditioning",actor + critic,SAC (explicitly algorithm-agnostic),RL,"Meta-World MT10 / MT50, 10 seeds, @100 K / 500 K / 2 M steps","MT10@2M 0.84±0.051 vs FiLM 0.75, Soft Modularization 0.73, PCGrad 0.72, multi-head 0.61, concat-task-embedding 0.54, per-task ceiling 0.90; MT50@2M 0.54±0.031 vs FiLM 0.40, SoftMod 0.50; CARE + multi-head = 0.61 on MT50","ablated with Welch's t-test (p=0.05) — vs concatenation, multi-head, PCGrad, routing and FiLM; factorial metadata×mixture ablation; encoder-count and hard-top-k sweeps. Caveat: the win over Soft Modularization is significant in only 1 of 6 benchmark×budget cells; the win over FiLM in 5 of 6 (not at MT10@2M)",ablated,rows_modrl_classics.md,1
takeda_2021_multi,Takeda et al. — multi-task feature modulation,2021,ICPR 2020 Workshops (Springer LNCS 12662) — workshop,workshop,FiLM,FiLM,a task-mixture conditional vector,task / goal identity,"instance-norm + FiLM at every conv layer except the last, encoder and decoder",encoder,not RL,not RL,"6 image-to-image tasks (segmentation, denoising, stylisation)","6 heterogeneous tasks on one backbone with <2 % task-specific parameters, and smooth interpolation between trained behaviours",ablated — decoder-only injection (EncIn) is consistently worse; two of three training schemes fail to produce interpolation,ablated,digest_film.md,1
beniwhiwhu_2022_context,"Ben-Iwhiwhu, Dick, Ketz, Pilly & Soltoggio — Context meta-RL via neuromodulation",2022,"Neural Networks 152, 70–79 (Elsevier)",other-peer-reviewed,gating — per-layer multiplicative: ReLU(Ws x ⊗ tanh(Wm ReLU(Wg x))),FiLM,the layer's own input drives the modulator branch; task context enters through CAVIA's context parameters φ or PEARL's latent z,other,every fully-connected layer of the policy only; the critic was tried and dropped,actor + critic,CAVIA (a MAML variant) and PEARL (SAC-based off-policy meta-RL),RL,2-D point navigation; half-cheetah direction/velocity; Meta-World ML1 and ML45; CT-graph depth 2/3/4,"Ties the unmodulated baseline on the easy benchmarks (2-D nav, half-cheetah); clearly beats it on Meta-World ML1/ML45 and CT-graph, with the gap widening at depth 4. A parameter-matched wider/deeper baseline does not close the gap. Centered-Kernel-Alignment analysis: only the modulated net produces task-distinct representations on CT-graph depth 2","ablated for the gain (parameter-matched wider/deeper baselines fail to close it; CKA analysis localises the effect); asserted for the critic instability — a prose report of a discarded configuration, no numbers",ablated,digest_film.md; digest_hypernet.md,2
borycki_2022_hypernetwork,Borycki et al. — Hypernetwork approach to Bayesian MAML,2022,arXiv:2210.02796,preprint,"hypernet — generates posterior parameters, not weights",hypernetwork,a labelled support set Si plus the universal weights θ,task / goal identity,"the distribution over task-specialised head weights θ'i (Gaussian (μ,σ) or a continuous-normalising-flow conditioning vector)",trunk / all blocks,not RL,not RL,"mini-ImageNet, CUB, cross-domain mini-ImageNet→CUB; 1-shot and 5-shot","BayesianHMAML-CNF competitive with or beating BayesianMAML, MAML, ABML, Reptile, HyperMAML; better calibration (expected calibration error, negative log-likelihood) than vanilla MAML",ablated,ablated,digest_hypernet.md,1
brohan_2022_rt,"Brohan et al., RT-1: Robotics Transformer for Real-World Control at Scale",2022,"""Preprint"" (running header on every page); arXiv:2212.06817v2 [cs.RO] 11 Aug 2023. No conference/journal line printed — the usual ""RSS 2023"" attribution is not verifiable from this file",top-tier,"Identity-initialized full affine FiLM, printed in Fig. 1(a) as (1+γ)·x + β, with the dense layers (fc, hC) producing γ and β zero-initialized so the layer starts as the exact identity and does not destroy the pretrained backbone",FiLM,"Natural-language instruction embedded by the pretrained Universal Sentence Encoder (Cer et al. 2018). Episode-constant, exogenous, computed once from a string. (PDF never states whether USE is frozen or fine-tuned.) Does NOT read the observation",language instruction,"26 FiLM layers, one per MBConv block of the ImageNet-pretrained EfficientNet-B3 image encoder (16 M params, outputs 81 vision-language tokens). The downstream TokenLearner and 8-layer decoder-only Transformer are not modulated; no critic exists",critic only,not RL — behavior cloning on successful episodes only; categorical cross-entropy over 256 bins per action dim with causal masking,not RL,"Real Everyday Robots mobile manipulators: 130 k demos / 13 robots / 17 months / 744 instructions; >3000 real-world trials across seen tasks, 21 unseen instructions, distractor and background robustness, and 15 SayCan long-horizon sequences","RT-1 97 / 76 / 83 / 59 (seen / unseen / distractors / backgrounds) vs Gato 65/52/43/35, BC-Z 72/19/47/41, BC-Z XL 56/43/23/35 — all baselines retrained on identical data. Absorbs sim data (+64 on sim-only objects) and cross-embodiment data without hurting real tasks. Diversity > quantity. Named hazard: inserting FiLM into a pretrained net ""would disrupt the intermediate activations and negate the benefit of using pretrained weights"" — solved by identity init; removing ImageNet pretraining costs −33 on unseen tasks","asserted — the six-way ablation (model size, Transformer, continuous actions, autoregressive actions, ImageNet pretraining, history) contains no FiLM ablation. The early-FiLM-fusion-vs-Gato's-late-fusion argument (App. D.5) is a hypothesis with attention-map support, confounded by 3 other architectural differences, and BC-Z also uses FiLM",asserted,digest_film.md; rows_film_new.md,2
jang_2022_bc,Jang et al. — BC-Z,2022,Conference on Robot Learning (CoRL 2021),top-tier,FiLM,FiLM,"a frozen 512-d sentence embedding of a language instruction, or a human-video embedding",language instruction,"4 sites, one per ResNet-18 block of the visuomotor policy",actor only,not RL — behaviour cloning with HG-DAgger; no value function,not RL,"100 training tasks, 29 held-out real-robot manipulation tasks","zero-shot generalisation to 24 of 29 unseen tasks (44 % success on those 24) — the canonical ""FiLM on a policy"" demonstration",asserted for the FiLM mechanism; the conditioner type is ablated (one-hot 42 % vs language 40 % vs video) but the FiLM layer itself is never removed,ablated,digest_film.md,1
schopf_2022_hn,"Schöpf, Auddy, Hollenstein & Rodriguez-Sanchez — Hypernetwork-PPO for Continual RL",2022,(as recorded in the Hypernetwork corpus),unclassified,hypernet — full weight generation,hypernetwork,"a learned discrete task embedding t ∈ ℝ⁸, fixed for the whole episode",task / goal identity,"generated actor weights; a second variant generates the critic too, a third re-initialises the critic per task",actor + critic,"PPO (on-policy), continual RL",RL,"DoorGym, 6-task door-opening sequence, 6-D continuous control","HN-PPO: accuracy 0.81, remembering 1.00 vs PPO-finetuning 0.20 / 0.47. Ablation with the anti-forgetting regulariser off (β=0): 0.24 / 0.24 — worse than plain fine-tuning. The hypernet supplies the slot; the L2 output anchor does the work",ablated (actor-only vs actor+critic variants exist),ablated,digest_film.md; digest_hypernet.md,2
turkoglu_2022_film,Turkoglu et al. — FiLM-Ensemble,2022,NeurIPS 2022,top-tier,FiLM,FiLM,an ensemble-member index (not a task signal),index / noise (not a task signal),every batch-norm layer of a shared backbone,trunk / all blocks,not RL,not RL,"CIFAR-10/100, ImageNet, regression",M implicit ensemble members for ≈1.3 % parameter overhead instead of 1500 %; diversity exceeds an explicit deep ensemble at M=16,"asserted, with calibration/diversity measurements against deep-ensemble baselines",asserted,digest_film.md,1
xing_2022_adapting,"Xing, Zou, Pilly, Ketz & Krichmar — Adapting to Environment Changes Through Neuromodulation of RL",2022,"SAB 2022 — From Animals to Animats 16 (LNAI 13499, pp. 115–126, Springer)",unclassified,"gating at the meta-controller level — task-slot arbitration, not activation modulation",FiLM,reward prediction error between a per-task learned reward predictor and the actual reward → an acetylcholine vector (one entry per known task) and a noradrenaline scalar (novelty),own activity / statistic,"above the agent: which stored policy is active, and when to open a new task slot",actor only,PPO (gridworld) and TD3 (MuJoCo walker),RL,3-task gridworld pickup; 3-task MuJoCo walker (stand/walk/run); each sequence visited twice,"Returning to a previously learned task recovers 90 % performance in ~150 steps (gridworld) or ~800–1800 steps (walker), vs 25,000–600,000+ steps without the modulator — two to four orders of magnitude",ablated (with vs without the modulator),ablated,digest_hypernet.md,1
beck_2023_hypernetwork,"Beck, Jackson, Vuorio & Whiteson — Hypernetworks in Meta-Reinforcement Learning",2023,CoRL 2022 (as printed in the review's citation line),top-tier,"hypernet vs FiLM vs concatenation, all three under a controlled initialisation study",concatenation,the VariBAD task embedding e — a recurrent VAE summary of the agent's recent trajectory,inferred belief / latent,FiLM baseline modulates the policy MLP; the hypernet generates all policy weights,generated weights,VariBAD and RL² (on-policy meta-RL),RL,"Cheetah-Dir, Walker, Ant-Dir, Humanoid; Meta-World ML1 Pick-Place and ML10","The head-to-head. ML1 Pick-Place test success: hypernet 42.9 % vs FiLM 25.5 %, both with Bias-HyperInit; 4.4 % vs 5.5 % under default init. ML10: 10.2 % → 23.9 %. RL² ML10: 7.2 % → 14.2 %. Default Kaiming init drops Cheetah-Dir return from ~2100 to 378",ablated,ablated,digest_film.md; digest_hypernet.md,2
beck_2023_recurrent,"Beck, Vuorio, Xiong & Whiteson — Recurrent Hypernetworks are Surprisingly Strong in Meta-RL",2023,"""37th Conference on Neural Information Processing Systems (NeurIPS 2023)"" (page-1 footer); arXiv:2309.14970v4, 26 Dec 2023. Distinct from the already-held Beck et al. Hypernetworks in Meta-Reinforcement Learning, whose footer prints ""6th Conference on Robot Learning (CoRL 2022), Auckland, New Zealand"" — different author list (Jackson vs Xiong) and different contribution",top-tier,"hypernet — full weight generation: a GRU emits all weights and biases of the feed-forward policy, regenerated every timestep. Bias-HyperInit (final hypernet layer = zero weight matrix + non-zero bias, so the generator is constant at step 0)",hypernetwork,"the full agent history (states, actions, rewards) across the meta-episode, summarised by a single 256-unit GRU. Not a task label; changes each timestep. The raw state is additionally fed straight to the generated policy",denoising timestep,"the entire feed-forward policy (state embedding 256, MLP 256→128)",actor only,PPO (on-policy meta-RL; VariBAD/Beck-2022 codebase defaults). Policy-gradient meta-RL methods excluded by design,RL,"Grid-World / Grid-World Show / Grid-World Dense (5×5); MuJoCo Cheetah-Dir, Cheetah-Vel, Ant-Dir, Walker (65 physics params); MineCraft MC-LS long-term visual memory; Meta-World ML10 (appendix)","RNN+HN is the strongest method evaluated, beating four task-inference baselines given equal tuning compute: best asymptotic return and sample efficiency on all three grid-worlds (incl. the one designed to disadvantage it); wide-margin wins on Cheetah-Dir and Ant-Dir; tie on Cheetah-Vel; small loss on Walker; significant win over VI+HN on MineCraft. Plain RNN fails outright on Walker and Cheetah-Dir. Two mechanism claims: (a) Kaiming-initialised RNN+HN is among the worst methods — init is decisive; (b) the RNN+S control (state fed in twice, no hypernet) closes part but not all of the gap — authors' explicit conclusion is ""re-conditioning on state directly is not sufficient, and the hypernetwork architecture itself is still critical"". Latent-gradient-norm analysis (preliminary): worst models have the highest norm. No FiLM baseline anywhere in this paper; ML10 is the only numeric result and is reported as a match, not a win (RNN+HN 17.22 % vs VI+HN 13.87 % test success, CIs overlapping)","ablated (RNN vs RNN+S vs RNN+HN; Bias-HyperInit vs Kaiming; 4 task-inference baselines + 5 further appendix ablations; equal tuning budget). Caveats: 3 seeds, learning rate maxed over 5 values, all main results are learning curves with no numeric table, gradient analysis explicitly labelled preliminary",ablated,rows_hypernet_new.md,1
beukman_2023_dynamics,Beukman et al. — Dynamics Generalisation in RL via Adaptive Context-Aware Policies (Decision Adapter),2023,"""37th Conference on Neural Information Processing Systems (NeurIPS 2023)"" printed on p. 1; arXiv:2310.16661v1 [cs.AI] 25 Oct 2023",preprint,"Hypernetwork generates the weights of a bottleneck adapter (256→32→256) spliced between layers, with residual skip: θA = H(c), x ← x + A(x\",hypernetwork,"θA). Rung 2 (low-rank adapter, generated weights). Proved to strictly contain FiLM/cGate (W = diag(g(c)) recovers the elementwise gate). Hypernetwork uses chunking: ≈16 k params vs ≈1.7 M unchunked",other,"Ground-truth context, GIVEN — episode-constant physical dynamics parameters (ODE coefficients; CartPole gravity/cart mass/pole mass/pole length/force; Ant mass), per-dimension normalised by the largest training value. Never inferred from transitions (named as future work)",critic only,Both actor and critic. Default: actor — between trunk and action head (pre-activation); critic — before its last layer. Location ablation shows input-layer and output-layer placement both fail; middle-of-network works; 3 adapters ≈ 1,RL,"SAC (CleanRL, PyTorch), identical for all five arms; parameter counts equalised across architectures; 16 seeds","ODE (1-D and 2-D context), CartPole (pole length + k distractor dims), MuJoCo Ant (mass, 111-d obs)","Conditional, and that is the point. With clean fully-relevant context all context-aware arms tie (CartPole k=0, all ≈ optimal 500). With irrelevant context dimensions whose values shift train→test, Concat and cGate collapse while the Adapter is stable — Adapter with 100 distractors beats Concat with 20; same on Ant. Where context is necessary (2-D ODE AER): Adapter 159.0 > Concat 109.0 > cGate 85.0 > FLAP 60.0. Removing the hypernetwork (AdapterNoHnet) ""performs much worse""; cGate at every layer ≠ better than cGate at one",unclassified,rows_modrl_modern.md,1
chauhan_2023_brief,"Chauhan, Zhou, Lu, Molaei & Clifton — A Brief Review of Hypernetworks in Deep Learning",2023,arXiv:2306.06955,preprint,survey — five-axis taxonomy,other,"n/a (catalogues task-, data- and noise-conditioned)",other,n/a,n/a,not RL (catalogues RL among 50+ applications),not RL,none — Table 2 maps 50 papers onto the taxonomy,"Five axes: input type; weight-generation strategy; input variability; output variability; hypernet architecture. Open problems named: initialisation brittleness, an output-layer scalability ceiling (m × n for an n-parameter target), numerical stability, thin theory",no-experiment,no-experiment,digest_hypernet.md,1
chi_2023_diffusion,"Chi et al., Diffusion Policy: Visuomotor Policy Learning via Action Diffusion",2023,"No venue line printed in the PDF — SAGE-journal two-column layout (Abstract + Keywords, running header ""Diffusion Policy""), stamped arXiv:2303.04137v5 [cs.RO] 14 Mar 2024. The ""RSS 2023 / IJRR"" attribution is not verifiable from this file",top-tier,"Full affine FiLM (a·x + b, two Linear layers), applied channel-wise at every convolution layer of the denoising U-Net; cites Perez et al. 2018 by name. Transformer variant replaces it with multi-head cross-attention",attention,"Observation embedding Ot + denoising iteration k. Ot = last To≈2 frames through per-view ResNet-18 (spatial-softmax, GroupNorm, no pretraining, trained end-to-end) concatenated with proprioception. Recomputed every control step and every denoising step — the corpus's only fast, observation-derived conditioner",denoising timestep,"The action-denoising network εθ (1-D temporal CNN over the action sequence). Modulation is the ONLY path by which the observation reaches it — no concat, no skip. Not an encoder, no critic exists",critic only,"not RL — behavior cloning / imitation learning, loss = MSE(ε^k, εθ(Ot, A⁰t+ε^k, k)). Limitations section names RL as future work",not RL,"15 tasks / 4 benchmarks: Robomimic (Lift, Can, Square, Transport, ToolHang; ph+mh; state & image), Push-T, Multimodal Block Push, Franka Kitchen; plus real single-arm and bimanual tasks","+46.9 % average success over prior SOTA imitation learning. Conditioning-relevant: FiLM-CNN vs cross-attention transformer flips with conditioner modality — image conditioner → FiLM wins (ToolHang 0.73 vs 0.47, Transport-mh 0.69 vs 0.50, Push-T 0.84 vs 0.66 on last-10 avg); low-dim state conditioner → attention wins (state ToolHang 0.87 vs 0.30, BlockPush p2 0.94 vs 0.11). Failure mode: FiLM-CNN ""performs poorly when the desired action sequence changes quickly and sharply"" (velocity control) — temporal-conv low-frequency bias. BatchNorm→GroupNorm required for stability under EMA","asserted for the mechanism claim — ""FiLM conditioning … is better than inpainting on all tasks except Push-T"" (Appendix A.4) is given with no numbers, and the state-based Push-T DiffusionPolicy-C cell in Tab. 1 used inpainting, not FiLM. Never compared to concatenation. The C-vs-T comparison IS numeric but confounds backbone with conditioning route",asserted,digest_film.md; rows_film_new.md,2
gawlikowski_2023_survey,Gawlikowski et al. — survey of uncertainty in DNNs,2023,Artificial Intelligence Review (journal),other-peer-reviewed,other (survey),other,n/a,n/a,n/a,n/a,not RL,not RL,none,the canonical 4-branch taxonomy establishing the aleatoric/epistemic split as field-standard,no-experiment (survey),no-experiment,digest_film.md,1
moon_2023_hierarchical,Moon et al. — hierarchical achievements via contrastive learning,2023,NeurIPS 2023,top-tier,FiLM (small fusion gadget),FiLM,the discrete action at,other,"1 site, inside an auxiliary contrastive achievement-prediction head",other,PPO (on-policy) + auxiliary objective,RL,Crafter,state of the art on Crafter at 9 M parameters vs DreamerV3's 201 M,asserted — the paper's ablations target the contrastive losses; the FiLM line is never isolated,asserted,digest_film.md,1
nikulin_2023_sac,Nikulin et al. — SAC-RND (anti-exploration by random network distillation),2023,ICML 2023 (PMLR 202),top-tier,FiLM,FiLM,the raw state s (D4RL proprioceptive vector),observation (raw),1 site by default (penultimate layer) in the RND prior; sweeps first / last / all,trunk / all blocks,"SAC (off-policy actor–critic), offline RL",RL,"D4RL (Gym-MuJoCo, AntMaze, Adroit)",replacing state-action concatenation with FiLM makes the anti-exploration bonus's gradient field smooth enough for the actor to follow; matches Q-ensemble state of the art with no ensemble,"ablated — the corpus's single best modulation-operator comparison in RL: FiLM 95–100 vs concatenation 89.6 vs gating 67.3 on D4RL score, plus a gradient-field visualisation and a filmfirst/filmlast/filmfull depth sweep",ablated,digest_film.md,1
rezaeishoshtari_2023_hyperzero,"Rezaei-Shoshtari, Morissette, Hogan, Dudek & Meger — HyperZero: Hypernetworks for Zero-Shot Transfer in RL",2023,(as recorded in the Hypernetwork corpus),unclassified,hypernet — generates the complete actor and critic,hypernetwork,"a continuous task descriptor (ψ, μ) = reward parameters and dynamics parameters, fixed per episode",task / goal identity,generated actor and critic weights,actor + critic,TD3 is the source solver; the hypernet is trained supervised + a temporal-difference regulariser,RL,"DeepMind Control Suite cheetah, walker, finger; random 85/15 train/test split over (ψ, μ); 5 seeds","Recovers near-converged TD3 return across the whole test slice; beats context-conditioned policy (i.e. concatenation), CCP+UVFA, MAML and PEARL at zero-shot. The gap over CCP+UVFA — which shares every learning signal except the hypernet — isolates weight generation as the load-bearing part. Dropping the TD term degrades out-of-distribution performance",ablated vs concatenation,ablated,digest_film.md; digest_hypernet.md,2
xiong_2023_universal,"Xiong, Beck & Whiteson — Universal Morphology Control via Contextual Modulation (ModuMorph)",2023,"""Proceedings of the 40th International Conference on Machine Learning, Honolulu, Hawaii, USA. PMLR 202, 2023"" printed in the p. 1 footer; arXiv:2203.01110v2 [cs.AI] 3 Aug 2023",preprint,"Two operators, ablated separately. (1) HN — full weight generation of the per-limb linear layers: W^ik, b^ik = HNφ(c^ik), rung 3; transformer trunk NOT generated (""too many weight matrices""). (2) FA — fixed attention: key and query come from a context encoder, value from the node embedding, so the attention matrix depends on morphology alone and is constant within an episode (a routing modulation, off the affine spectrum). No FiLM arm exists; the paper instead shows the concat baseline is an additive-bias modulator (FiLM with gain frozen at 1)",concatenation,"Given, not inferred. Per-limb morphology context from the UNIMAL benchmark — limb size, mass, initial position relative to parent — plus the tree adjacency matrix. Time-invariant. Two separate MLP context encoders (2-layer for HN, 3-layer for FA, 128 units)",inferred belief / latent,Base controller: per-node embedding layer and per-node decoder (weights + biases generated); transformer encoder attention matrices (K/Q replaced by context embeddings). Trunk weights untouched. Critic architecture never stated in the PDF despite the paper's worst result being a value-prediction failure,critic only,"PPO (on-policy), MetaMorph setup; early-stopping KL threshold tuned per method per environment over {0.03, 0.05}; 3 seeds",RL,"UNIMAL — 100 train + 100 held-out morphologies, five environments (Flat terrain, Incline, Exploration, Variable terrain, Obstacles); 100 M steps (first three) / 200 M steps (last two)","vs. the same backbone (MetaMorph): training final return +19/53/48/31/29 %; zero-shot to kinematics-dynamics variation +26/50/43/28/30 %; zero-shot to unseen topologies +18/29/24/27/37 % (Table 1: Obstacles 1133±12 vs 829±50). The ablation dissociates the two operators (counts below from Table 1, unseen topologies; §5.1 reports HN helping in 3/5 during training): FA improves in 5/5 environments and never hurts; HN helps in only 2/5, is neutral in 2/5, and actively harms Exploration (16±3 vs 19±1) — diagnosed as much higher value-prediction error under partial observability. On Incline, FA alone (468±58) beats FA+HN (403±66). Negative result: feeding the fast terrain height map into the attention computation was worse than baseline","Ablated — 5 arms × 5 environments × 3 seeds with Welch's t-test, plus a motivating single-robot proof-of-concept and a baseline audit (App. C) showing MetaMorph's reported positional-encoding gain is really an artefact of an inconsistent-dropout bug acting as an accidental trust region. Weakened by 3 seeds, large across-seed variance, and per-arm hyperparameter tuning",ablated,rows_modrl_modern.md,1
black_2024,Black et al. — π₀,2024,unstated (preprint),preprint,attention + mixture-of-experts. AdaLN-Zero appears only in the non-VLM ablation baseline π0-small,attention,"vision + language observation tokens, cross-attended by a dedicated action expert",language instruction,the action expert cross-attends to observation tokens; no adaLN in the main model,other,not RL (flow-matching VLA imitation learning),not RL,general robot control,No number is reported anywhere in the review. Retained as displacement evidence — the clearest single instance of affine modulation being superseded by attention at frontier scale,"no-experiment, as far as this corpus goes. §17 extracts only the architectural fact. Read with GR00T N1 and FLOWER, the review's own corrected trend statement is ""mechanism follows signal structure"", not ""attention won"" (§5.2 R2, §17)",no-experiment,digest_film.md; digest_modulation_rl.md,2
huang_2024_mentor,Huang et al. — MENTOR,2024,"ICML 2025 — per the survey's OpenReview record, NOT from the PDF (§17)",top-tier,routing — a mixture-of-experts backbone replacing the RL agent's MLP,routing,not recorded in §17,other,replaces the agent's MLP backbone,trunk / all blocks,RL — single-task visual RL (algorithm not named in §17),RL,not named in §17,"No number is reported anywhere in the review. §17's entire treatment is that it is ""a fourth data point in the corpus's mixture-of-experts pattern"" and ""further evidence that conditional capacity can help in single-task visual RL""","no-experiment, as far as this corpus goes. This is the thinnest entry in the digest — §17 gives it three sentences and extracts no mechanism, no site, no benchmark, no result. It can support no quantitative claim. If MENTOR matters to the final review, it needs a fresh literature-reviewer pass",no-experiment,digest_film.md; digest_modulation_rl.md,2
lee_2024_lifelong,"Lee, Liebana, Clopath & Dabney — Lifelong RL via Neuromodulation",2024,arXiv:2408.08446 (Imperial College London / Oxford / Google DeepMind),preprint,other — hyperparameter modulation in the Doya lineage,other,aleatoric and epistemic uncertainty measured from a Q-quantile ensemble,own activity / statistic,"the algorithm's own knobs, not the network: α = E/(E+A) and β = 1/⟨E⟩",other,tabular / bandit RL with softmax action selection,RL,non-stationary 5-armed bandit; switch probability 0.4 at the end of each 500-step block; 210 seeds,"Lower cumulative regret than Discounted-UCB and a fixed-temperature Boltzmann policy. Final-context regret significantly lower (one-way ANOVA + Tukey HSD: p<0.001 vs Boltzmann, p<0.01 vs D-UCB). Learning rate and temperature visibly spike at switch points, as predicted",ablated (small scale),ablated,digest_film.md; digest_hypernet.md,2
schug_2024_discovering,"Schug, Kobayashi, Akram, Wołczyk, Proca, von Oswald, Pascanu, Sacramento & Steger — Discovering Modular Solutions that Generalize Compositionally",2024,"""Published as a conference paper at ICLR 2024"" (running header, every page)",top-tier,"hypernet — parameter composition in weight space: ω(z) = Σm z^(m) Θ^(m), sparse linear combination of M learned module matrices. Linear variant (code→weights linear) and nonlinear variant (4-layer ELU MLP generator)",hypernetwork,a task embedding ẑ ∈ ℝ^M̂ inferred by inner-loop gradient descent from demonstrations; the ground-truth code is never observed. Three separate embeddings (first / hidden / last layer),inferred belief / latent,all weights of the target MLP (biases excluded — biases stay fast parameters of the base network),generated weights,"not RL — bilevel meta-learning; the two grid-world settings are supervised Q-value regression (MSE) and behaviour cloning of a computed optimal policy (cross-entropy), no policy gradient and no TD",not RL,"multi-task teacher–student (2-layer MLP); hyperteacher (M ∈ {4,8}, K ∈ {1,2,4,8}); compositional-preference grid world (5×5, M=8, K=3); compositional-goal grid world (11×11, 200 goals = 5 mazes × 5 objects × 2 interactions × 4 quadrants)","Identifiability theorem. Compositional + connected support and no overparameterization ⟹ the student recovers teacher modules up to one invertible F, a neuron permutation and sign flips, and generalizes to every module combination; identification and compositional generalization are equivalent (Thm 2). Sample requirement: dim(span(Zk)) + 1 tasks per task family — linear in M, covering exponentially many combinations. Hyperteacher OOD accuracy at M=8, K=2: nonlinear hypernet 96.05 ± 0.34 vs MAML 60.60 ± 0.37 vs ANIL 59.76 ± 0.27 (+35.5 pts). Predicted reversal confirmed: at K=1 connected support fails and hypernets lose — M=8, K=1: hypernets 26.67 / 26.91 vs ANIL 55.80. Overfits to K: trained K=2, evaluated K=8 → nonlinear hypernet 33.08, below both monolithic baselines. No FiLM baseline","theorems proved (infinite-data, equilibrium only; authors explicitly disclaim any guarantee gradient descent reaches the modular optimum); conditions ablated in all four settings incl. the predicted failure direction; 3 seeds",ablated,rows_hypernet_new.md,1
tessera_2024_hypermarl,Tessera et al. — HyperMARL,2024,"NeurIPS 2025 (page-1 footer, per §17)",top-tier,hypernetwork — full per-agent weight generation,hypernetwork,"an agent embedding $ei$, with gradients decoupled from the observation stream. The critical ablation w/o GD instead conditions the generator on $[ot, ei]$",task / goal identity,generates the policy's weight tensor outright (not a gain),generated weights,multi-agent RL (the specific algorithm is not named in §17),RL,two multi-agent environments (not named in §17),"""Gradient decoupling is consistently critical across both environments"" — the w/o GD variant, in which the generator reads the same raw observation the generated policy reads, degrades on both. Backed by a derivation: the paper's policy-gradient variance decomposition requires the generator Jacobian to be deterministic with respect to the mini-batch (assumption A3), which self-conditioning destroys","ablated as to the self-conditioning question (§6.1, Fig. 8; derivation §F.2, both per §17). §17 is too thin for anything else — it assesses HyperMARL only as counter-evidence about self-conditioning, deliberately not on its own terms. Environments, baselines, RL algorithm, headline numbers, and the gradient-cosine metric's values are not extracted anywhere in the review. The variance claim is explicitly recorded as directional only — Fig. 4c is a bar chart with no number in the text (§5.3)",ablated-qualified,digest_film.md; digest_modulation_rl.md,2
wang_2024_neuromodulat,"Wang, Guo, Qiang, Li, Zheng, Xiong & Hua — Neuromodulated Meta-Learning",2024,arXiv:2411.06476 (IEEE Trans. PAMI submission),preprint,routing — a per-task learnable structural mask over neurons,routing,"per-task inner-loop optimisation of the mask M under frugality, plasticity and sensitivity constraints",other,which neurons are active — a near-binary gate on the parameters themselves,other,MAML-family meta-RL,RL,"regression (sinusoid, Pascal3D pose); classification (mini-ImageNet, Omniglot, tieredImageNet, CIFAR-FS, CUB, Places, Meta-Dataset); RL (Khazad-Dum, MuJoCo HalfCheetah/Humanoid/Ant)","NeuronML matches or beats RoML, VariBAD, PEARL, CESOR, PAIRED and CVaR-ML on the RL suite, with faster and more stable convergence. Ablation confirms each of the three mask constraints is necessary",ablated,ablated,digest_hypernet.md,1
xiong_2024_distilling,"Xiong, Vuorio, Beck, Zimmer, Shao & Whiteson — Distilling Morphology-Conditioned Hypernetworks for Efficient Universal Morphology Control (HyperDistill)",2024,"""Proceedings of the 41st International Conference on Machine Learning, Vienna, Austria. PMLR 235, 2024"" (page-1 footer)",unclassified,"hypernet — full weight generation of an entire per-robot MLP, structurally factored: input- and output-layer blocks generated per limb from ei = f(ci), hidden layers from the mean-pooled em = (1/N)Σi ei. Context encoder is a transformer, itself part of the HN. The HN is discarded after generation (context is static per robot)",hypernetwork,"morphology context: the robot's topology tree + per-limb features (position, orientation, mass/shape, joint type/range/axis/motor gear), with relative→absolute position transformation. Static per robot, not per timestep",denoising timestep,"every weight and bias of the base MLP (hidden width 256, depth grid-searched). Context concatenation is removed entirely — the generated policy's input is xi = si, state only",generated weights,"teacher trained by RL (algorithm not named in this PDF; inherited from ModuMorph / UNIMAL setup). The student — i.e. HyperDistill itself — is trained by supervised behaviour cloning (KL to teacher), not RL. An HN-RL baseline trained directly by RL is included and fails",not RL,"UNIMAL (MuJoCo): 100 training + 100 unseen test robots, three environments — Flat Terrain, Variable Terrain, Obstacle. 1,000 mutation-generated distillation robots × 8,000 transitions = 8 M","Matches the ModuMorph TF teacher on both training and unseen test robots while 6–14× smaller and 67–160× fewer FLOPs per step (FT: 0.12 M params / 0.25 M FLOPs vs teacher 1.73 M / 39.86 M). A plain MLP fully absorbs the per-robot function — but the matched-architecture concatenation baseline (multi-robot MLP, identical depth/width, context concatenated to input) is ""significantly outperformed"", with a much larger gap on test robots. HN-RL performs poorly — the hypernetwork could not be trained by RL and required distillation. Ablations: +6/15/13 % generalization from 100→1,000 distillation robots; +8.5 % from dropout on the context embedding, ~0 % from dropout on the base MLP; compressed single-robot TF 2345 vs compressed universal TF 2115 (Obstacle, 10 robots). Authors concede an architecture-aligned TF student generalizes better than HyperDistill. No FiLM baseline; no initialization scheme discussed anywhere",ablated (5 student architectures + HN-RL; 4 distillation-choice ablations; 3 context-encoder variants; 3 seeds). Caveats: main performance results are learning curves with no numeric table; efficiency ratio is per-step and excludes the one-time 43–65 M-FLOP generation; matches but never beats the teacher,ablated,rows_hypernet_new.md,1
yuan_2024_unpacking,Yuan — Unpacking the Individual Components of Diffusion Policy,2024,"arXiv 2412.00084, venue unconfirmed",preprint,FiLM,FiLM,"the full low-dimensional observation sequence $[Ot,\dots,O{t-To}]$",observation (raw),residual blocks of the denoising 1-D U-Net (the action head); site count not stated in PDF,trunk / all blocks,"not RL (behaviour cloning), 8 independently trained tasks",not RL,"ManiSkill (StackCube, PegInsertionSide, TurnFaucet, PushChair) + Adroit (Door, Pen, Hammer, Relocate); 8 tasks trained independently","FiLM vs. feeding the same observation in as a direct input: Relocate 64 % vs 2 % (+62), PegInsertionSide 80 % vs 44 % (+36), TurnFaucet +32, PushChair +24, Door +16; ≈0 or −4 on the two easy tasks","ablated — the corpus's cleanest same-information-two-routes ablation (§6.2). But: no seeds, no error bars, no eval-episode count; single-author preprint with a broken bibliography (§6.4). Cite gaps ≥10 points only.",ablated-qualified,digest_film.md; digest_modulation_rl.md,2
alkilanygoodman_2025_neuromodulat,AlKilany & Goodman — Neuromodulation enhances dynamic sensory processing in SNN models,2025,"bioRxiv 2025.07.25.666748 (Imperial College London preprint, posted 31 Jul 2025)",preprint,"other — modulation of intrinsic neuron parameters (firing threshold, reset and resting potentials, membrane and synaptic time constants)",other,"the spiking network's own hidden-layer activity over the past K timesteps, through an MLP (or, equivalently well, an SNN) modulator",denoising timestep,the leaky-integrate-and-fire biophysical parameters of the primary spiking network,other,not RL (supervised classification),not RL,Spiking Heidelberg Digits; Spiking Speech Commands; DVS128 Gestures,"Accuracy improves at every setting. Decisions become 10–17 % faster without being trained for speed. ~25 percentage-point gain at −17 dB signal-to-noise. Fig. 2D control: adding parameters without modulation saturates quickly, so the gain is not parameter count. Spatial grouping (one modulator output per G neurons) barely hurts even at G=200",ablated,ablated,digest_hypernet.md,1
botteghi_2025_hyperl,"Botteghi, Fresca, Guo, Manzoni — HypeRL: Hypernetwork-Based Reinforcement Learning for Control of Parametrized Dynamical Systems (NB: local filename says ""Cicci et al."" — no author named Cicci is on the paper; cite as Botteghi et al.)",2025,"PREPRINT — the PDF header reads ""A PREPRINT - FEBRUARY 12, 2026"" and names no venue; arXiv:2501.04538v2 [cs.LG] 10 Feb 2026",preprint,"Three hypernetworks (policy + 2 critics, plus target copies) each emit the FULL parameter set of a 1-hidden-layer (256-unit) main network: weights W, biases b, AND per-unit multiplicative gains g, per layer. Main layer computes ReLU((1+g)⊙z W + b) — a generated FiLM-style gain wrapped inside full weight generation. Hypernet body = 3 blocks, each a linear layer + 2 residual blocks (arch + init taken from Sarafian et al.); main-net arch from Littwin & Wolf 2019. Weights regenerated every timestep; Polyak target updates applied at the HYPERNETWORK level",hypernetwork,"zk = [yk, µ] — the physical state concatenated with the known parameter vector. µ mixes true PDE coefficients (nu; gyre amplitude A and frequency omega) with task specifications (tracking reference yref; navigation target coordinates). Note: µ also stays in the MAIN network's input, so this is concatenation PLUS weight generation, never weight generation instead of it",task / goal identity,"All weights, biases and gains of the TD3 policy network and both critic networks",generated weights,"Genuinely RL — TD3 (twin critics, target nets, delayed policy updates, replay buffer, exploration noise), with MSE replaced by Huber for the critics. Claimed to extend to PPO/SAC but not demonstrated",RL,"Two PDE optimal-control problems, 4 configurations: 1D parametric Kuramoto-Sivashinsky stabilization to an arbitrary reference (8 Gaussian actuators, Nx=64), with and without random nu; 2D double-gyre particle navigation to arbitrary targets, with and without random flow amplitude A and frequency omega. 2000 episodes, 5 seeds, eval = mean cumulative reward over 10 deterministic episodes","Wins all 8 train/eval cells vs 4 TD3 variants. Against the loss-matched TD3(Huber) baseline — the correct comparison — evaluation reward improves 1.38x to 1.55x: KS −175.33±20.85 vs −249.76±37.31; parametric KS −210.50±18.04 vs −326.36±30.47; gyre −39.16±6.00 vs −57.55±10.82; parametric gyre −110.06±16.05 vs −152.05±43.72. vs plain concatenation-TD3 the gap is 1.7x-3.9x (parametric gyre −110.06 vs −430.34). Seed variance is far lower for HypeRL in every case (±16.05 vs ±153.73). Total learnable parameters are HIGHER, which the authors state explicitly","Weak-to-moderate. Baseline design is genuinely good — separate controls for the loss change (TD3-Huber), the main-network depth (TD3-2layers), and the need for parameters at all (TD3-no-µ). But: ""generalization to unseen scenarios"" is NOT demonstrated — training and evaluation draw µ from the SAME uniform distribution, with no held-out or extrapolation range, unlike HyPoGen's disjoint splits or CASH's OOD teams. The generated FiLM-style gain g is never ablated, so the FiLM-vs-full-weight-generation split is untested in the one architecture that contains both. No hyperparameters, no parameter counts, no code link; 5 seeds; preprint. No FiLM baseline.",ablated-qualified,rows_hypernet_apps.md,1
cui_2025_entropy,Cui et al. — the entropy mechanism of RL,2025,(as recorded in the continual-learning corpus),unclassified,other,other,—,other,policy entropy,actor only,policy-gradient RL for language models,RL,reasoning benchmarks,"entropy falls monotonically because a covariance between action probability and advantage stays positive; performance is pinned to entropy; a blunt entropy bonus fails, targeted covariance clipping works",ablated,ablated,digest_film.md,1
dontflatten_2025_tokenize,"Don't flatten, tokenize! (SoftMoE in deep RL)",2025,ICLR 2025 Spotlight,top-tier,routing,routing,the input,observation (raw),the value network,critic only,deep RL,RL,Atari,"the benefit comes from tokenisation, not expert specialisation",ablated,ablated,digest_film.md,1
fu_2025_cash,"Fu, Jain, Howell, Ravichandar — CASH: Capability-Aware Shared Hypernetworks for Flexible Heterogeneous Multi-Robot Coordination",2025,"""9th Conference on Robot Learning (CoRL 2025), Seoul, Korea""; arXiv:2501.06058v5 [cs.MA] 01 Sep 2025",preprint,"""Soft weight sharing"": ONE shared hypernetwork (Hyper Adapter, 4 layers, LayerNorm before every ReLU, separate weight- and bias-generating nets) emits the full weights of a per-robot 1-2 layer MLP Adaptive Decoder, regenerated EVERY timestep. The GRU encoder is shared and static. All LEARNABLE params shared; the EFFECTIVE params differ per robot",hypernetwork,"Ego robot's capability vector ci (speed, payload, sensing/capture radius), teammates' capability vectors C/i, AND the ego observation oi. Capabilities are nominal, read from specs/sensors — not learned IDs, which is what enables unseen-robot generalization",physical parameters,Weights+biases of the Adaptive Decoder head that sits on top of the shared GRU encoder; outputs actions (MAPPO/DAgger) or Q-values (QMIX),critic only,"Genuinely RL, three paradigms: QMIX (value-based off-policy MARL), MAPPO (on-policy policy-gradient MARL), plus DAgger (imitation) — same architecture, no algorithm-specific changes",not RL,"JaxMARL MPE-variant Firefighting (3 robots) and Mining (4 robots), in-distribution and out-of-distribution capability teams, 10 seeds (QMIX/MAPPO) / 3 seeds (DAgger); Robotarium hardware testbed via MARBLER — Material Transport and Predator-Capture-Prey, plus Failure and Battery-Drain online-capability-change scenarios; 4→12 robot zero-shot scaling; 12-agent training","Wins all 6 out-of-distribution success-rate columns vs concatenation baseline RNN-EXP, e.g. QMIX Firefighting 0.67±0.09 vs 0.56±0.26; MAPPO Firefighting 0.68±0.17 vs 0.43±0.27; DAgger Firefighting 0.92±0.14 vs 0.08±0.14. In-distribution it TIES concatenation in 4 of 6 cells (0.96 vs 0.97; 0.71 vs 0.71; 1.00 vs 0.98; 0.98 vs 1.00) — the advantage is generalization, not fit. Uses 60-80% fewer learnable params (162K vs 401K on hardware; 43K vs 103K on 12-agent QMIX Firefighting). Hardware PCP reward 89.21 vs 61.05 (concat). LayerNorm ablation: without it, DAgger/Mining ""plummets around timestep 4000 and never recovers""","Strong, with named exceptions. Three-way comparison is the paper's core and is run properly; baseline widths were tuned by sweep and CASH deliberately built smaller; LayerNorm is ablated; 10 seeds for the RL results. Weaker points: the CASH-vs-INDV (per-agent networks) comparison is figure-only, no table; the ID-baseline comparison is also figure-only; DAgger uses only 3 seeds with near-zero baselines; variance is large (MAPPO/Firefighting CASH 0.71±0.43); and the authors flag MAPPO/Mining at 12 agents as a case where CASH is beaten out-of-distribution. No FiLM baseline — the nearest rung is RNN-EXP (capabilities concatenated to observations).",ablated,rows_hypernet_apps.md,1
gorishniy_2025_tabm,Gorishniy et al. — TabM,2025,ICLR 2025,top-tier,"gating (BatchEnsemble, FiLM-adjacent)",FiLM,a member index,index / noise (not a task signal),rank-1 adapters around every linear layer,trunk / all blocks,not RL,not RL,46-dataset tabular benchmark,Pareto-dominant on tabular deep learning; weight sharing acts as a regulariser (shared-weight variant beats the unshared one),"ablated (which of the three adapters R, S, B to keep)",ablated,digest_film.md,1
grooten_2025_sparc,Grooten et al. — SPARC,2025,"AAAI 2026 Oral — per the survey's arXiv-comments record, NOT from the PDF (§17)",top-tier,other — plain concatenation (the corpus's deliberate negative control),concatenation,context latents + history latents,inferred belief / latent,concatenated before the final layers,trunk / all blocks,contextual RL (algorithm not named in §17),RL,100 unseen racing vehicles,"No number is reported anywhere in the review. Retained purely as evidence that concatenation remains the mainstream default in contextual RL — the baseline against which Yuan's, PAPL's and Marquis's routing comparisons should be read","no-experiment, as far as this corpus goes. §17 extracts the mechanism only. Its role here is as a venue-quality data point (a 2026 AAAI oral on injecting context into an RL policy that does not modulate) — not as a source of measurements",no-experiment,digest_film.md; digest_modulation_rl.md,2
li_2025_cogvla,Li et al. — CogVLA,2025,"NeurIPS 2025 (page-1 footer, verified)",top-tier,"FiLM + routing — but the two are separate learned modules, not one (§10.2)",routing,(i) the language-instruction embedding $tr$; (ii) the instruction tokens $tl$ re-read at each LLM layer,language instruction,"(i) inside both vision encoders (SigLIP, DINOv2); (ii) on visual tokens at all 32 LLM layers",encoder,not RL (imitation-learning VLA; no value function),not RL,"LIBERO, all four suites, 500 trials each; real dual-arm ALOHA including T-shirt folding","97.4 % LIBERO average (±0.4 over 3 seeds) at 8× fewer visual inputs, 2.79× faster inference, 2.49× cheaper training. The modulated features feed a separate MLP router that emits the pruning scores (Eq. 14) — FiLM shapes what the router sees, it does not emit the score",asserted for FiLM specifically. Table 4 ablates whole stages (98.6 vs 91.2–96.2); there is no row anywhere that removes the FiLM while keeping the stage. The mechanism is never isolated (§10.1),asserted,digest_film.md; digest_modulation_rl.md,2
li_2025_neuro,Li et al. — Neuro-Vesicles,2025,unstated (preprint),preprint,other — a biophysical stochastic vesicle-population model; position paper,other,n/a,n/a,n/a,n/a,not RL (no implementation),not RL,none,"Argues that FiLM and hypernetwork modulation are the degenerate dense, short-lived limit of a stochastic vesicle-release process. Self-described as early-stage theoretical design","no-experiment, stated by the authors themselves. Contributes no evidence to any question; rhetorically useful only if the project ever needs to position its modulator against a biophysical alternative",no-experiment,digest_modulation_rl.md,1
nvidia_2025_gr,NVIDIA et al. — GR00T N1,2025,"unstated — industrial technical report (arXiv 2503.14734), header date only",preprint,adaptive layer normalisation,other,the denoising/flow timestep $\tau$ — a single scalar. Vision+language arrive by cross-attention; proprioception by concatenation,denoising timestep,"every DiT block of the ""System 1"" action module; block count never reported",trunk / all blocks,not RL (imitation learning; no value function),not RL,"multi-embodiment humanoid manipulation, sim + real; ~50,000 H100-hours, up to 1024 GPUs","The string ""adaptive layer normalization"" appears once in 36 pages; FiLM, AdaLN, modulation, $\gamma$, $\beta$ appear nowhere. The only architectural ablation concerns where the VLM is tapped (middle layer 12 beats the final layer)","no-experiment. The modulation is neither ablated nor discussed. Supports ""adaLN is the field default"" and nothing else — no granularity, placement, parameterisation, initialisation or stability claim (§11.2)",no-experiment,digest_film.md; digest_modulation_rl.md,2
ren_2025_hypogen,"Ren et al., HyPoGen: Optimization-Biased Hypernetworks for Generalizable Policy Generation",2025,"""Published as a conference paper at ICLR 2025"" (page header); OpenReview venue field ""ICLR 2025 Poster"", forum CJWMXqAnAy",top-tier,Full weight generation via K=8 iterative residual updates in a per-layer latent weight space; each update is a learned step-size times a chain-rule-factorized pseudo-gradient; learnable theta0; per-layer encoder/decoder to/from real weights. 70.0M params vs HyperZero 25.1M vs concat policy 0.7M,concatenation,"Task specification vector of physical parameters (target speed, torso length, cube size, controller stiffness, controller damping, arm-length ratio), encoded by a 6-ResBlock encoder to 256-d",physical parameters,"All weights of the target policy MLP (2 layers hidden 256 for DMC, 3 layers for ManiSkill) — nothing shared across tasks except the decoder",generated weights,"Not RL — behavior cloning / imitation. TD3 (DMC, 1e6 steps) and PPO (ManiSkill, 4e6 steps) used offline only to produce the expert demonstrations",RL,"DeepMind Control Suite (Cheetah/Walker/Finger x speed/torso-length/both) and ManiSkill2 (LiftCube, Pick&PlaceCube on Franka Panda x cube size/stiffness/damping/arm length); zero-shot on held-out specifications","Beats MLP hypernetwork HyperZero on 9/9 DMC columns (Cheetah-speed 819.2 vs 695.7 vs concat 433.2, expert 869.6). On ManiSkill controller-stiffness, 5 of 6 methods score 0.00% success and HyPoGen scores 97.20% on LiftCube / 78.33% on Pick&Place (expert 96.73 / 75.92). Capacity-matched control: baselines scaled 0.7M→64M still lose and sometimes get worse (Cond Policy P&P arm-length train 47→61%, test 43→26%)","Mixed. Method-vs-baseline superiority is ablated well (matched policy architecture, matched spec encoder, capacity-matched controls, K/depth/width/data-fraction sweeps). The specific claim that the chain-rule factorization causes the gain is asserted — no ""flat Phi"" control with matched block count and parameter count. No FiLM baseline anywhere.",ablated,rows_hypernet_apps.md,1
reuss_2025_flower,Reuss et al. — FLOWER (Global-AdaLN-Zero),2025,CoRL 2025 (confirmed from the PDF footer),top-tier,"FiLM as adaLN — ""Action-Space Global-AdaLN-Zero""",FiLM,"flow timestep $t$ + action-space category + embodiment metadata/proprioception. Vision and language are routed elsewhere, through cross-attention",denoising timestep,"all 18 flow-transformer blocks, several points inside each block, from one shared generator weight set, plus per-layer LoRA adapters",trunk / all blocks,not RL (imitation learning; no critic exists),not RL,"CALVIN (ABC/ABCD), LIBERO ×5, Aloha, SIMPLER — 190 tasks / 10 benchmarks / 4 embodiments",Sharing one modulation weight set across all 18 layers: 4.44 ± 0.04 vs 4.43 ± 0.03 average completed-sequence length against standard per-layer adaLN — indistinguishable — at −20 % action-head parameters. Pretrained SOTA 4.53 ± 0.04,"ablated but confounded — the per-layer LoRA that was added to compensate is never ablated; no − LoRA row in Table 3, no LoRA line in the parameter table (§7.3). Scope: one benchmark, 3 seeds, ≤100k steps",ablated-qualified,digest_film.md; digest_modulation_rl.md,2
roder_2025_dynamics,"Röder, Benad, Eppe & Banerjee — Dynamics-Aligned Latent Imagination in Contextual World Models for Zero-Shot Generalization (DALI)",2025,"""39th Conference on Neural Information Processing Systems (NeurIPS 2025)"" printed at the foot of p. 1; arXiv:2508.29294v3 [cs.LG] 15 Jan 2026",preprint,"Concatenation — the inferred 8-dim context code is appended as an extra conditioning argument. No FiLM, no adapter, no hypernetwork, no weight generation anywhere in the paper. Rung 0 on the operator axis; the contribution is on the signal and placement axes. (Predecessor of Benad et al. 2026, which replaces this concatenation with a shared hypernetwork)",concatenation,"INFERRED from interaction history. zt = gφ(o{t−K:t}, a{t−K:t−1}) — a transformer encoder block over a window of past observations and actions → 8-dim code. Trained by a forward-dynamics loss ‖o{t+1} − f^wφ(ot, at, zt)‖² plus an optional bidirectional cross-modal term aligning the code to the RSSM's stochastic latent (not the full state, to avoid absorbing trajectory-specific history), λcross ∈ {0,1}. Reward gradients never reach the encoder (stop-gradients isolate φ)",inferred belief / latent,"Enumerated exactly in App. A.1 — the reusable artefact. Shallow (DALI-S, used for all main results): posterior encoder ONLY, z^rssmt ∼ qθ(·\",world model,"ht, ot, zt); sequence model, prior, reward/continue predictors, decoder, actor and critic all unchanged — the policy sees context only implicitly. Deep (DALI-D, appendix only): the RSSM sequence model ht = fθ(h{t−1}, z^rssm{t−1}, a{t−1}, zt), the reward/continue predictors, the decoder, and actor π(aτ\",RL,"sτ, zt) and critic v(st, zt)","DreamerV3 (small), model-based, actor-critic in latent imagination; hyperparameters from Hafner et al. 2025 per Prasanna et al. 2024; 10 seeds; IQM + PoI with stratified bootstrap CIs; +4 % parameters (15.73 M → 16.45 M)","CARL-contextualised DeepMind Control: Ball-in-Cup (gravity, string length; 200 k steps) and Walker Walk (gravity, actuator strength; 500 k steps), each Featurized and Pixel; three regimes (interpolation / extrapolation / mixed). Appendix: Quadruped Walk (56-D obs, 12-D act, 600 k steps)",unclassified,rows_modrl_modern.md,1
schug_2025_attention,"Schug, Kobayashi, Akram, Sacramento & Pascanu — Attention as a Hypernetwork",2025,"""Published as a conference paper at ICLR 2025"" (running header, every page); arXiv:2406.05816v4, 17 Feb 2025. PDF does not print Oral status",top-tier,"hypernet — parameter composition over a fixed learned basis: W{q,k} = Σh a{h,q,k} Wh^out Wh^value, a linear hypernet emitting the weights of a linear value network. HYLA variant makes the generated value network nonlinear at zero extra parameters",hypernetwork,"the H-vector of attention scores for a fixed query–key pair read across the head index — i.e. the latent code IS the multi-head attention scores, latent dim = number of heads",other,"the effective weight matrix applied to each key's token inside every attention layer; one generated value network per query–key pair, summed over keys",critic only,not RL,not RL,"fuzzy-logic in-context functions (Zadeh operators, DNF, held-out term combinations); SRAVEN (new symbolic Raven's Progressive Matrices); C4 language modelling, 50M params / 130B tokens","Multi-head attention is a linear hypernetwork — exact algebraic identity (Eqs. 2–5), no approximation. HYLA vs best standard baseline: fuzzy-logic OOD R² 81.13 ± 7.77 vs 63.28 ± 2.31 (softmax); SRAVEN OOD accuracy 69.13 ± 1.90 vs 56.56 ± 1.05 (softmax); 3 seeds. Single head → mechanism degenerates to a scalar gain on one fixed matrix (exactly degenerate FiLM) and OOD accuracy drops (Fig 5C, figure only). Latent codes decode the ground-truth sub-operation on unseen task compositions. No FiLM baseline, no RL","identity proved; compositionality-causes claim asserted + correlational; HYLA gains ablated (Table A1, 3 seeds — but the ""both components required"" claim holds on SRAVEN and fails on fuzzy logic, where HYLA − nonlinearity scores 84.54 > HYLA's 81.13)",ablated,rows_hypernet_new.md,1
tessera_2025_hypermarl,Tessera et al. — HyperMARL: Adaptive Hypernetworks for Multi-Agent RL,2025,"""39th Conference on Neural Information Processing Systems (NeurIPS 2025)"" (p.1 footer)",top-tier,"Full weight generation — $\thetai = h^\pi\psi(ei)$ replaces all target weights outright; no gain, no shift, no residual. Linear variant with one-hot input degenerates to row-selection from a weight bank plus a shared bias (bias removed ⇒ exactly NoPS)",hypernetwork,"Agent identity only — one-hot ID (linear variant) or a learned, orthogonally-initialised embedding of dim 4 (IPPO) / 8 (MAPPO) (MLP variant). The observation is deliberately excluded; that exclusion is the method",task / goal identity,"All weights + biases of the target nets. Dispersion/Navigation: actor and critic. MAPPO MAMuJoCo: actor only (centralised critic left standard). SMAX: feedforward actor+critic weights only, not the GRU. Targets are [64,64] ReLU (Dispersion) / [256,256] tanh (Navigation) MLPs",generated weights,"IPPO and MAPPO (on-policy) throughout; MATD3 only for the Kaleidoscope comparison, A2C only for the SePS comparison, REINFORCE for the two toy games",RL,"22 scenarios / 5 suites: Dispersion + Navigation (VMAS), MAMuJoCo (2–17 agents), SMAX (2–20), Blind-Particle Spread (15–30); plus purpose-built Specialisation / Synchronisation games. 10 seeds (toy games), 5 seeds elsewhere — Dispersion is stated as 10 seeds in App. G.2.1 but Table 10 lists 5",Top IQM in 3/4 MAMuJoCo scenarios; 17-agent Humanoid 6544.10 vs 566.12 for shared-network-plus-ID (11.6×) and the only shared-actor method that learns it; BPS-4 −389.5 vs SePS −411.6 and FuPS+ID −780.5; SMAX comparable to FuPS on all 4 maps. Entanglement result: deleting the observation from a shared policy raises Specialisation-game reward from 0.131 → 0.463 at n=16 [digitized from Fig. 3a; the digitization reproduces the paper's printed Table 1 values to ±0.005],"Ablated, on the architecture; asserted, on the variance. Two independent entanglement ablations (FuPS+ID (No State) at the monolithic level, w/o GD at the generator level), plus a 40M-step control and a parameter-matched control. But: Eq. (11) is a factorization identity, not an inequality — no proof that variance is lower is given; the variance measurement is one bar chart on one toy env with no number in the text; and w/o GD is never scored on the variance metric, so ablation and mechanism are never joined. w/o GD also silently changes weight-regeneration frequency from per-iteration to per-timestep — an unacknowledged second manipulation",ablated,rows_held_unreviewed.md,1
volumetransmission_2025,Volume Transmission… (e-nmRNN),2025,NeurIPS 2025 Poster,top-tier,other (biophysical neuromodulator release),other,endogenous modulator concentrations produced by the network's own activity,own activity / statistic,recurrent connectivity and the learning rule,other,RL tasks + seq-to-seq,RL,compositional generalisation,modulator dynamics learn to encode reward-prediction error; population-wide broadcast is grouped modulation by construction,asserted — the FiLM survey read only the abstract; the paper was never acquired,asserted,digest_film.md,1
wisnu_2025_stsm,Wisnu et al. — STSM-FiLM,2025,arXiv preprint (Oct 2025) — preprint,preprint,FiLM,FiLM,a single scalar speed factor α,physical parameters,multiple decoder layers (HiFi-GAN variants); 1 site for the EnCodec variant,trunk / all blocks,not RL,not RL,"speech time-scale modification, human-rated MOS",beats WSOLA — its own training target — on perceived quality; uses the identity-init (1+γ) trick,ablated (backbone and placement variants compared),ablated,digest_film.md,1
yanguo_2025_casa,Yan & Guo — CASA / CaFiLM,2025,2nd AdvML Frontiers workshop at ICML (arXiv 2405.03064) — workshop / preprint,workshop,FiLM with an extremely tied generator,FiLM,the mini-batch feature mean of the very features being modulated — self-conditioning by a compressed statistic,own activity / statistic,"1 site, between a frozen feature extractor and a frozen classifier",actor only,not RL,not RL,DomainBed (5 datasets),"a 6-parameter shared 2×2 module reaches 68.8 % average, state of the art on DomainBed",ablated (replacing the tied module with a free MLP loses 1.1 points),ablated,digest_film.md,1
yao_2025_hyper,"Yao et al. (Zhou, Yao, Luo, Zhou, Yang), Hyper-GoalNet: Goal-Conditioned Manipulation Policy Learning with HyperNetworks",2025,"""39th Conference on Neural Information Processing Systems (NeurIPS 2025)"" printed on p.1; arXiv:2512.00085v1 [cs.RO] 26 Nov 2025",preprint,"Full weight generation of a small policy head using the HyPoGen iterative-optimization hypernetwork (8 blocks, theta^k = theta^{k-1} + lambda^k psi^k). Static R3M visual encoder, proprio encoder and latent dynamics model are NOT generated. Plus two auxiliary latent-shaping losses: forward-dynamics prediction and a hinge loss forcing monotonic decrease of latent distance to goal (margin beta=0 suffices)",hypernetwork,"Goal RGB image (single image, 128x128), encoded by R3M. Main variant concatenates goal latent AND current-observation latent, [zg, zt], and regenerates weights every step; the ""Hyper-GoalNet (G)"" variant uses the goal latent ALONE and generates weights once per rollout",task / goal identity,All weights of a 3-layer MLP target policy that consumes a 2-frame observation window plus proprioception; the policy never sees the goal again,generated weights,"Not RL — reward-free behavior cloning, stated explicitly in Appendix D. Paper notes prior robotic hypernetwork work is RL-based and ""not directly adaptable""",not RL,"Robosuite / MimicGen, 16 tasks: contact-rich (Coffee, Mug-cleanup, Three-piece assembly, Threading, Nut assembly) and long-horizon (Coffee Preparation, Kitchen), difficulty levels d0-d2; 950 demos/task, 50 rollouts/eval; plus real 7-DoF RealMan arm, 4 tasks x 15 trials","Contact-rich avg success 0.52 vs C-BeT 0.32, MimicPlay 0.12, GCBC 0.00, Play-LMP 0.00. Long-horizon 0.78 vs C-BeT 0.59. Real robot 58/60 vs C-BeT 21/60 vs GCBC 2/60. Goal-only variant (G) reaches 0.50 (vs 0.52) at 1.46 ms/step vs C-BeT's 13.61 ms. vs HyperZero given two stabilizing init schemes: 77% vs 16% / 16% on Coffee","Mixed. Mechanism claim is well ablated at the joint level: shaping removed 0.77→0.31; the transplant ""C-BeT + our shaping"" = 0.69 vs ours 0.77 isolates the conditioning mechanism with representation held fixed; HyperZero comparison controls hyperparameters and varies only the hypernetwork. The two latent constraints are ablated only JOINTLY — no row removes the forward-dynamics loss alone or the distance loss alone (only variants: start-anchored 0.45, cosine 0.59). GCBC/Play-LMP scoring exactly 0.00 on all 16 tasks is diagnosed as a log-likelihood-objective failure by argument, not by a same-objective control. No FiLM baseline.",ablated,rows_hypernet_apps.md,1
zhang_2025_dymodreamer,Zhang et al. — DyMoDreamer,2025,"NeurIPS 2025 (page-1 footer, per §17)",top-tier,disputed — the survey calls it modulation of a world model; the modulationinrl review classifies it as concatenation of 32×32 stochastic categorical latents and excludes it,concatenation,32×32 stochastic categorical latents derived from pixel-space differencing,observation (raw),concatenated into the RSSM model state alongside $ht$ and $zt$,world model,"model-based RL, single task per run",RL,"Atari-100k, 26 games trained separately","New Atari-100k record at 156.6 % mean human-normalised, with no task distribution at all. Its own ablations isolate why: not added capacity (a proportionally larger DreamerV3 latent is worse), not differencing per se (latent-space differencing underperforms), but specifically that pixel-space differencing surfaces one-pixel moving objects the encoder provably discards","ablated (per §17). §17 is thin: it extracts DyMoDreamer only as corroboration for the single-task-gains question. The world-model design is not assessed on its own terms, and no architectural detail beyond the concatenation point is recorded",ablated,digest_film.md; digest_modulation_rl.md,2
zhu_2025_equact,Zhu et al. — EquAct (iFiLM),2025,"unstated — the PDF says ""Preprint. Under review."" ""ICLR 2026 Poster"" comes from an external OpenReview record under a slightly different title (§5.2 R5)",preprint,"FiLM, symmetry-constrained — ""iFiLM""; the corpus's only genuinely grouped modulation",FiLM,"language-instruction embedding (CLIP tokenizer → transformer), treated as a rotation-invariant scalar",language instruction,inside the SE(3)-equivariant Point Transformer U-Net trunk; site count not enumerated in the PDF,trunk / all blocks,"not RL (keyframe imitation learning; one implicit action-value function, so no actor/critic split)",not RL,18 RLBench tasks with 249 language variations + 4 physical tasks,"One scalar $\alphal$ scales an entire $(2l+1)$-dimensional block (sizes 1/3/5/7), forced by Schur's lemma, not chosen (§9.3). SOTA 53.3 / 60.1 / 89.4 across three perturbation settings; margins grow with geometric difficulty (2.6 % @100 demos → 15.4 % in the 10-demo SE(3) setting)","ablated but weak — iFiLM → FiLM gives 52.8 vs 50.3 over 4 tasks, no seeds, no confidence intervals, and the average is carried by one task (+38) against two losses (−23, −5) (§9.4). Cite the mechanism, not the gap",ablated-qualified,digest_film.md; digest_modulation_rl.md,2
benad_2026_dynamics,"Benad, Banerjee, Röder, Ay, Butz & Eppe — Dynamics-Aligned Shared Hypernetworks for Contextual RL under Discontinuous Shifts (DMA\-SH)",2026,"""Preprint."" — printed verbatim on p. 1; arXiv:2602.06550v2 [cs.LG] 11 May 2026; PDF metadata DOI is the arXiv DOI (10.48550/arXiv.2602.06550). ⚠ The PDF contains no ICLR 2026 statement — no acceptance banner, no proceedings style. Cite as a preprint unless acceptance is confirmed venue-side",top-tier,"Hypernetwork-generated bottleneck adapter, rung 2, operator identical to the Decision Adapter: x̃ = x + Wup(ω)·ReLU(Wdown(ω)x), trunk 256 → bottleneck 32 → 256, residual skip, no pre-adapter activation. Two novelties, both ablated: the generated weights ω are shared by the dynamics model, the actor and the critic; and ω is trained only by forward-dynamics reconstruction, with a stop-gradient blocking RL losses",hypernetwork,"INFERRED from transitions — the only such paper in this batch. A window of the last K transitions (st, at, δs{t+1}) (K=24 toy / 128 DMC-Gym; a random 20 % subsample, shuffled) → 40 % random input masking → AvgL1Norm → LSTM → 8-dim code → SimNorm (two 4-way simplices). Trained by ‖δŝ{t+1} − δs{t+1}‖². Ground truth is never given to the method (the Concat and Decision-Adapter baselines DO get it)",inferred belief / latent,"One adapter per network, after the feature trunk and before the output head, in all three of fθ (dynamics), πξ (actor) and Qζ (critic) — with the same generated weights in all three",actor + critic,"SAC (CleanRL defaults, untuned) for every arm except the recurrent Amago baseline; 10 seeds, 20 contexts per split, IQM + bootstrap CIs (rliable)",RL,"Actuator Inversion Benchmark (AIB), introduced here: 14 environments (custom + DeepMind Control + Gymnasium), each with 2 context dims, split into overlapping (mass, gravity, friction) and non-overlapping (binary actuator sign-flip c ∈ {±1}, actuator permutation q ∈ {0,1}); three disjoint context sets (train / interpolation / extrapolation)","Conditional on regime, mirroring Beukman. Held-out (eval-out) relative gains: +58.1 % vs. domain randomisation, +11.5 % vs. Concat, +4.6 % vs. the Decision Adapter — but split by type, overlap: +7.3/+5.4/+1.7 % vs. non-overlap: +97.3/+14.1/+5.8 %. Architecture-only step (inferred code held fixed) DMA\→DMA\-SH: 0.64→0.68 all, 0.68→0.73 non-overlap. Ask (a): shared beats separate (DMA\-H) on all three splits, and costs +4.1 % params vs. DA while training 43.5 % faster with 24.4 % less memory; shadow-gradient diagnostic shows the shared design keeps the policy far more sensitive to context than the separate one. Ask (b): yes, ablated — removing dynamics alignment (DMA\-H RL-only, ≈ R2PGO) underperforms, and letting actor gradients into the shared hypernetwork gives near-zero returns","Ablated, thoroughly — component ablations by probability-of-improvement (masking / input norm / output norm and all combinations), sweeps over masking ratio, 4 input norms, 3 output norms, 6 window sizes, and a 7-arm architecture ablation isolating sharing, dynamics alignment, and actor/critic gradient detachment. Weakened by: no comparison of dynamics prediction against other self-supervised objectives; the noise-robustness claim (Remark A.6) is argued but never measured — and Beukman's measurement points the other way at high noise",ablated,rows_modrl_modern.md,1
buchi_2026_events,Büchi et al. — Events as Triggers for Behavioral Diversity in MARL,2026,"""Preprint."" — no venue printed (arXiv:2605.12388v2 [cs.MA]). Method is unnamed in the text; anonymised repo slug hyperscale-48D6",preprint,"Low-rank additive residual + a global scalar gain — the rung between FiLM and full weight generation. $zm = W{\text{shared}}\phi(ot) + \alpha DmCm\phi(ot)$ with $Cm\in\mathbb{R}^{r\times d}$, $Dm\in\mathbb{R}^{da\times r}$, rank 8. Additive in pre-activation space, not per-channel multiplicative, so not FiLM; but the shared backbone is kept, so not full generation either. $\alpha$ is not generated — it is a per-batch normalisation ratio $\mathrm{NMD}{\text{des}}/\widehat{\mathrm{NMD}}$, i.e. an automatic gain control on the modulation path",hypernetwork,"All three of: one token per agent from that agent's local observation $o{i,t}$; the event encoding $et$; and the target diversity scalar NMDdes. Generator is a 2-block / 2-head transformer, embed 64, MLP hidden 256. Centralised (needs all agents' observations). Critically, the generator is queried only when an event fires, and the adapter is frozen between events",observation (raw),"Final linear layer of the policy only — one site, actor side. Critic is not modulated (separate [128,128] MAPPO critic). Backbone [128,128]. Final-layer placement is load-bearing for the theory: any nonlinearity between the LoRA update and the policy mean forfeits the exact diversity-scaling result",actor + critic,"MAPPO (on-policy, centralised critic). $10^7$ steps ($1.5\times10^8$ Football), 128 parallel envs, LR 6e-4",RL,"Six VMAS tasks: Reverse Transport, Navigation, Dispersion, Football (3v heuristic), plus two custom — Pressure Plate (sequential 3-phase, 2 plates + door) and Wind Flocking. 5 seeds, evaluated at best checkpoint, not final. Baselines: HyperMARL, CASH, DiCo (SND grid-searched per task), full parameter sharing","Football: ~98 % completion vs 0 % for all four baselines [digitized, Fig. 2d]. Dispersion 99 vs HyperMARL 65.5 / CASH 33 / DiCo 85 / PS 50.5; Navigation 96 vs 69 / 95.5 / 91 / 84.5 [digitized]. Pressure Plate: 98.5 % vs 0 % for the single-query ablation and for all four baselines — the event trigger is worth the entire task. Survives mid-episode agent removal: Football 98.2 → 88.6 %, Pressure Plate 98.4 → 81.2 % (Table 4c, the only printed numbers). LoRA rank sweep $r\in\{2,4,8,16,32,64\}$ shows no separation — 32× capacity range, flat","Mixed. Ablated: the event trigger (single-query control, same architecture, 98.5 → 0 %) and the rank sweep. Asserted: ""low-rank stabilises optimisation relative to dense matrices"" (no dense control); ""per-step regeneration is unstable"" (attribution about the CASH baseline, not a within-architecture test); final-layer placement (no alternative site tried). Theory: Thm. 3's projection is proved but Step 2 silently drops a transpose ($P$ is oblique, not symmetric); Corollary 4's displayed limit $I-\frac{B(B-1)}{2}\hat u\hat u^\top$ is not a projector for $B>2$ — the normalisation is dropped from $\nabla\widehat{\mathrm{NMD}}$ but kept in $\widehat{\mathrm{NMD}}$; the stated conclusion ($I-\hat u\hat u^\top$) is right and the display is wrong. Lemma 6's Gaussian assumption fails in the implemented system ($\tanh$-squashed policies); App. B.5 concedes this and degrades the identity to a Lipschitz bound. Two sentences in §5.2 misdescribe the paper's own Fig. 2 — cite the figure, not the prose",ablated,rows_held_unreviewed.md,1
diverse_2026,DIVERSE,2026,ICLR 2026 Poster,top-tier,FiLM as a search space,FiLM,"a latent vector searched by evolution strategy, not a task signal",index / noise (not a task signal),added post-hoc to a frozen pretrained network,other,not RL,not RL,"MNIST, PneumoniaMNIST, CIFAR-10",the modulation latent as a low-dimensional behaviour-space handle — a novel role for the mechanism,ablated,ablated,digest_film.md,1
guo_2026_gear,Guo et al. — GEAR,2026,"unstated (arXiv 2602.10997v1); IEEE format, no venue line",preprint,"FiLM (unconstrained) used to break symmetry, + a multi-head critic",FiLM,"the task command $c$ — which aerobatic primitive, plus its motion parameters — assigned to the trivial (rotation-invariant) representation",task / goal identity,"two FiLM layers in the actor, applied before features are organised into group representations; critic shares an equivariant backbone with one value head per task",actor + critic,"multi-task RL, on-policy actor–critic (the specific algorithm is not named in the review)",RL,"drone aerobatics — Hover, Flip, Roll, Rotate — 4096 test episodes; transfer to real hardware","Full GEAR mean 98.85 % (99.90 / 95.80 / 99.71 / 100.00). Substituting EquAct's constrained iFiLM drops it to 95.46 %, with Roll 99.71 → 87.70 and Hover 99.90 → 94.92. FiLM Only on an MLP backbone degrades Flip from 58.11 → 34.08 %","ablated — the corpus's most thorough design: a 2×2 factorial across two backbones plus the iFiLM substitution plus a re-implemented SOTA baseline. But the number of training seeds is never stated and no confidence intervals appear; the FiLM-vs-iFiLM comparison rests on one run per configuration (§14.5). The 98.85 % is a mean the reviewer reconstructed, not a printed figure (§14.2)",ablated-qualified,digest_film.md; digest_modulation_rl.md,2
guo_2026_moe,Guo et al. — MoE-ACT,2026,"unstated (arXiv 2603.15265v1); IEEE format, no venue line",preprint,"FiLM (decoder) + mixture-of-experts (encoder), used together rather than as alternatives",routing,"a discrete task ID recovered by a classifier from the language instruction — a lookup, not a continuous language encoding",language instruction,"the action queries at every transformer-decoder layer, applied before both cross-attention blocks",trunk / all blocks,not RL (ACT/CVAE imitation learning),not RL,"RoboTwin 2.0, six bimanual tasks + two real-world tasks","55 % average vs 46 % without FiLM. Helps on four tasks (Bottle +28, Pot +16, Fries +8, Handover +6) and hurts on the two hardest (Skillet 12 vs 16, Cabinet 28 vs 32). The co-located MoE needs three auxiliary losses to prevent mode collapse; the FiLM needs none","ablated, and the modulation is isolated — but no seeds, no confidence intervals; the review reads the two negative cells as probably noise and warns the split cannot support a moderator claim (§15.3)",ablated-qualified,digest_film.md; digest_modulation_rl.md,2
kang_2026_splitadapter,Kang et al. — SplitAdapter,2026,"unstated (arXiv 2606.03297v1); CoRL-style format, no venue line",preprint,hierarchical FiLM from two factorised encoders,FiLM,two deliberately-separated 16-D context latents — object/load (plus an online mass and loaded-state estimate) and robot dynamics — inferred from a 50-step history of 123-D observations,inferred belief / latent,"early layers ← load context; late layers ← dynamics context, on a frozen pretrained actor MLP. The corpus's only depth-assigned conditioner split (§13.3)",actor only,RL — adapters trained with the base PhysHSI/AMP policy's own RL objective and reward; base policy weights frozen,RL,"MuJoCo sim-to-sim humanoid box loco-manipulation, 90 trials (3 masses × 3 heights × 10) + real Unitree G1",Full-task success 86/90 vs frozen base 71/90 vs a single-latent AnyAdapter-style WM-FiLM baseline 75/90; removing the depth hierarchy costs 5 (86 → 81) while lift-up success is unchanged at 90/90. All methods saturate at 2 and 4 kg — the entire separation is at 6 kg. Real world 26/27,"ablated, with two caveats: no seeds or confidence intervals (86/90 vs 81/90 is 10 trials per cell), and the paper never says whether w/o hierarchical FiLM removes FiLM entirely or only the depth assignment (§13.1, §13.3)",ablated-qualified,digest_film.md; digest_modulation_rl.md,2
marquis_2026_farhood,Marquis & Farhood,2026,"unstated (arXiv 2604.03392v1); IEEE two-column format, no venue line",preprint,"FiLM vs hypernetwork-LoRA, head-to-head (both generated by a hypernetwork)",hypernetwork,6-D actuator-failure vector $\lambdak$ — a stuck-flag and stuck-deflection per control surface — deliberately excluded from the policy's own 34-D observation (§12.5),physical parameters,"the 2 hidden layers of the 64×64 tanh actor, pre-activation, no normalisation layer; the +HC variants also modulate the critic's hidden layers",actor + critic,PPO (Stable-Baselines3),RL,"high-fidelity 6-DoF fixed-wing sUAS path following; static faults seen in training, oscillatory ""flutter"" faults never seen in training","Worst-case flutter rudder error 26.73 m (FiLM+HC) vs 159.91 m (plain MLP) — but in-distribution the routes are near-equivalent. Modulating the critic halves FiLM's error (static mean path error 5.33 → 2.56 m) and nearly doubles LoRA's (4.34 → 10.40). LoRA rank 48 destabilised entirely (>150 m), breaking an otherwise monotone 8→16→32→64 trend. A Lipschitz bound (product of the modulator's spectral norms) tracks performance across all six configurations","ablated — three separate ablations (mechanism; critic conditioning, isolated per mechanism; capacity sweep) plus a sensitivity analysis. The corpus's most thorough RL modulation study, and the only architecture at gridworld scale",ablated,digest_modulation_rl.md,1
marquisfarhood_2026_hypernetwork,Marquis & Farhood — hypernetwork-conditioned RL under actuator failures,2026,"arXiv 2604.03392, venue unconfirmed",preprint,FiLM vs LoRA head-to-head,hypernetwork,"a 6-d actuator-fault vector, routed only to the generator (the policy sees the 34-d state)",physical parameters,"actor, and separately the critic (+HC)",actor + critic,"PPO (on-policy), single task",RL,fixed-wing aircraft path following,"FiLM on the critic halves tracking error (static 5.33 → 2.56 m mean, flutter 15.72 → 7.69 m) — but the same critic conditioning under LoRA doubles it; benefit appears only out of distribution",ablated — the corpus's only actor-versus-critic isolation under an on-policy algorithm,ablated,digest_film.md,1
morissette_2026_tactile,"Morissette et al., Tactile Modality Fusion for Vision-Language-Action Models (TacFiLM)",2026,"No venue line printed in the PDF — Springer LNCS layout, running head ""C. Morissette et al.""; stamped arXiv:2603.14604v2 [cs.RO] 15 Jul 2026. ""ECCV 2026"" is not verifiable from this file. Printed title carries no ""TacFiLM:"" prefix",preprint,"Full affine FiLM in identity form: FiLM(Fn given γn, βn) = Fn ⊙ (1 + γn) + βn, γ,β zero-initialized, produced by an MLP; applied after normalization, before multi-head self-attention in ViT blocks; γ,β broadcast over the whole feature map (per-channel, shared across patch tokens)",attention,"Pooled tactile embedding zt from a DIGIT vision-based touch sensor, encoded by a frozen pretrained tactile model (Sparsh-DINO; T3 / Sparsh-MAE / Sparsh-IJEPA also evaluated), patch features averaged. Recomputed every timestep — a fast, exogenous second sensory modality, not language and not the visual observation",denoising timestep,"The visual backbone of the VLA (fused SigLIP + DINOv2), all ViT blocks by default; ablated to early / middle / late thirds. Llama-2 7B decoder and MLP action head are unmodulated; no critic",critic only,"not RL — imitation learning: 80 teleoperated demos per task, L1 regression on continuous action chunks, LoRA finetuning of VLA + tactile linear layers with FiLM layers trained from scratch, 80 k steps",not RL,"Real Franka Emika Panda, DIGIT tactile sensor; 9 contact-rich tasks (Circle/Square/Pentagon peg insertion at 2 mm and 3 mm clearance, USB and HDMI cable plugging, drawer opening); >1000 rollouts (480 ID, 300 OOD, 240 ablation)","The corpus's cleanest FiLM vs concatenation vs cross-attention head-to-head. ID average success: TacFiLM 86.7 % vs TactileConcat 64.8 % vs vision-only 58.1 % vs Cross-Attn 48.0 %. OOD average: 86.7 % vs 73.3 % vs 54.7 % vs 49.3 %. Concatenation is worse than no tactile on Open-Drawer (26.7 vs 33.3); cross-attention loses everywhere. First-attempt (""direct"") rate 29.3 % vs 8.0 % vs 0.0 % OOD. Peak force ~1/3 of baselines (Square-Peg 2 mm: 7.1 N vs 27.7 / 26.2 / 34.3 N). Holds 100 % success under 80 % dimmed lighting and 50 % frozen frames. Depth sweep: early/middle/late third ≈ all blocks. Reported failure modes are the alternatives' — cross-attention hypothesised data-hungry; concatenation's force rises under distribution shift","ablated — fusion mechanism is the controlled variable on a shared OpenVLA-OFT backbone and shared tactile encoder, explicitly ""so that differences in performance can be attributed to the fusion strategy rather than the underlying architecture""; plus an injection-depth ablation and a visual-degradation stress test. Caveats: imitation learning not RL; small data (80 demos/task), which the authors themselves say may explain cross-attention's failure",ablated,rows_film_new.md,1
rodriguezgarcia_2026_noradrenergi,"Rodriguez-Garcia, Ghosh & Ramaswamy — Noradrenergic-inspired gain modulation attenuates the stability gap",2026,"arXiv:2507.14056 (v2, 27 Jan 2026)",preprint,"gating — a single scalar multiplicative gain on the weights, Ŵ = gW",FiLM,"the model's own softmax output entropy H(y), with exponential decay back to a tonic baseline g₀",own activity / statistic,"all weights, by forward-pass reparameterisation inside the optimiser (NGM-SGD)",generated weights,not RL (online task-agnostic continual supervised learning),not RL,"Split-MNIST, Split-CIFAR-10, Split-mini-ImageNet, Rotated-MNIST, Domain-CIFAR-100",Average stability gap (the transient accuracy crash at a task boundary) reduced ~2–15× vs Adam and momentum-SGD; on Split-MNIST 0.028 vs momentum-SGD's 1.0. Appendix B proves the effective Hessian satisfies λeff = λ/g² — gain boosts flatten the local loss surface,ablated,ablated,digest_hypernet.md,1
yoon_2026_papl,"Yoon, Jeong et al. — PAPL",2026,"unstated (arXiv 2602.09370v2). ""ICRA 2026"" appears only in the arXiv comments field, not the PDF (§5.2 R5)",preprint,"FiLM (Perez-style, pre-activation, no normalisation layer anywhere in the modulation path)",FiLM,"2-D cyclic gait phase $(\cos\phit,\sin\phit)$ — an exogenous open-loop clock, period resampled per episode. Also fed in directly as two raw observation features (§8.3)",exogenous phase / clock,every layer of both the actor MLP (512/256/128) and the critic MLP (1024/512/256); encoders left unmodulated,actor + critic,PPO (asymmetric actor–critic) then DAgger distillation,RL,"quadruped skateboarding in simulation; zero-shot transfer to a real Unitree Go1 under shoves, low light, uneven pavement","The No-FiLM arm (plain MLPs, still receiving the phase as input) ""exhibits a narrower region with higher errors""; skateboarding beats walking and wheel-legged locomotion on motor power. A mixture-of-experts actor tried in FiLM's place failed outright — the pushing-phase expert collapsed","ablated but graphical only — Fig. 7 prints heatmaps and command-area curves; no numerical value appears anywhere. Quotable as direction, never as magnitude (§8.1)",ablated-qualified,digest_film.md; digest_modulation_rl.md,2
